name,country,region,wmo,icao,latitude,longitude,elevation,timezone,hourly_start,hourly_end,daily_start,daily_end,monthly_start,monthly_end
Tanana Calhoun Memorial Airport,US,AK,70178,PATA,65.1667,-152.1,72.0,America/Juneau,1943-06-01,2022-12-23,1901-08-24,2022-12-17,1901-01-01,2022-01-01
Nome Airport,US,AK,70200,PAOM,64.5167,-165.4333,11.0,America/Juneau,1940-01-01,2022-12-23,1900-08-13,2022-12-18,1900-01-01,2022-01-01
Unalakleet,US,AK,70207,PAUN,63.8833,-160.8,6.0,America/Juneau,1943-06-01,2022-12-23,1941-09-01,2022-04-24,1941-01-01,2022-01-01
Nenana Municipal Airport,US,AK,70260,PANN,64.55,-149.0667,110.0,America/Juneau,1943-07-06,2022-12-23,1916-12-01,2022-12-17,1916-01-01,2022-01-01
Merle K. Smith Airport,US,AK,70296,PACV,60.5,-145.4833,13.0,America/Juneau,1942-06-11,2022-12-23,1909-05-05,2022-12-17,1909-01-01,2022-01-01
Cold Bay Airport,US,AK,70316,PACD,55.2167,-162.7333,30.0,America/Juneau,1942-03-04,2022-12-23,1942-03-25,2022-12-18,1942-01-01,2022-01-01
King Salmon Airport,US,AK,70326,PAKN,58.6833,-156.65,17.0,America/Juneau,1942-01-10,2022-12-23,1942-01-12,2022-12-18,1942-01-01,2022-01-01
Yakutat Airport,US,AK,70361,PAYA,59.5,-139.6667,10.0,America/Juneau,1941-05-01,2022-12-23,1917-04-01,2022-12-18,1917-01-01,2022-01-01
Annette Island Airport,US,AK,70398,PANT,55.0333,-131.5833,36.0,America/Juneau,1941-07-14,2019-10-01,1941-01-16,2019-10-01,1941-01-01,2019-01-01
Adak Island Airport,US,AK,70454,PADK,51.8667,-176.6333,6.0,America/Adak,1942-10-30,2022-12-23,1942-10-01,2022-12-16,1942-01-01,2022-01-01
Elko / Coin,US,NV,70580,KEKO,40.8249,-115.7917,1567.0,America/Los_Angeles,1977-01-01,2022-12-23,1977-02-26,2022-04-24,1981-01-01,2021-01-01
Palm Beach International,US,FL,72203,KPBI,26.6833,-80.1,6.0,America/New_York,1943-02-06,2022-12-23,1938-07-01,2022-12-18,1938-01-01,2022-01-01
Savannah Airport,US,GA,72207,KSAV,32.1167,-81.0333,16.0,America/New_York,1948-01-01,2022-12-23,1948-01-01,2022-12-18,1948-01-01,2022-01-01
Charleston Airport,US,SC,72208,KCHS,32.9,-80.0333,14.0,America/New_York,1945-01-01,2022-12-23,1937-03-01,2022-12-18,1937-01-01,2022-01-01
Tampa International Airport,US,FL,72211,KTPA,27.9667,-82.5333,8.0,America/New_York,1940-08-01,2022-12-23,1939-02-01,2022-12-18,1939-01-01,2022-01-01
Waycross / Ware County,US,GA,72213,KAYS,31.25,-82.4,46.0,America/New_York,1942-12-01,2022-12-23,1942-12-02,2022-04-25,1944-01-01,2022-01-01
Tallahassee Airport,US,FL,72214,KTLH,30.4,-84.0167,25.0,America/New_York,1942-05-01,2022-12-23,1940-03-01,2022-12-18,1940-01-01,2022-01-01
Middle Georgia Regional Airport,US,GA,72217,KMCN,32.6833,-83.15,108.0,America/New_York,1941-10-20,2022-12-23,1941-10-20,2022-12-18,1941-01-01,2022-01-01
Augusta Bush Field,US,GA,72218,KAGS,33.3667,-81.9667,44.0,America/New_York,1948-01-01,2022-12-23,1942-12-01,2022-12-18,1942-01-01,2022-01-01
Valparaiso / Eglin Air Force Base,US,FL,72221,KVPS,30.4833,-86.5167,26.0,America/Chicago,1938-09-10,2022-12-23,1941-07-02,2022-04-25,1941-01-01,2022-01-01
Mobile Regional Airport,US,AL,72223,KMOB,30.6833,-88.0667,66.0,America/Chicago,1973-01-01,2022-12-23,1948-01-01,2022-12-16,1948-01-01,2022-01-01
Fort Benning,US,GA,72225,KLSF,32.3333,-84.8333,71.0,America/New_York,1939-05-01,2022-12-23,1939-05-01,2022-12-18,1939-01-01,2022-01-01
Montgomery Dannelly Field,US,AL,72226,KMGM,32.3,-86.0667,67.0,America/Chicago,1973-01-01,2022-12-23,1948-01-01,2022-12-18,1948-01-01,2022-01-01
Marietta / Dobbins Air Force Base,US,GA,72227,KMGE,33.9167,-84.5167,326.0,America/New_York,1946-09-01,2022-12-23,1946-09-02,2022-04-24,1946-01-01,2021-01-01
Birmingham Airport,US,AL,72228,KBHM,33.5667,-86.75,196.0,America/Chicago,1942-08-01,2022-12-23,1930-01-01,2022-12-18,1930-01-01,2022-01-01
New Orleans Airport,US,LA,72231,KMSY,30.0,-90.0833,2.0,America/Chicago,1945-10-01,2022-12-23,1945-10-01,2022-12-18,1945-01-01,2022-01-01
Boothville,US,LA,,KBVE,29.3333,-89.4,0.0,America/Chicago,1973-01-01,2019-12-02,1965-02-16,2019-12-02,1965-01-01,2019-01-01
Meridian Key Field,US,MS,72234,KMEI,32.3333,-88.75,91.0,America/Chicago,1942-03-01,2022-12-23,1942-03-01,2022-12-18,1942-01-01,2022-01-01
Jackson Airport,US,MS,72235,KJAN,32.3167,-90.0667,105.0,America/Chicago,1942-09-01,2022-12-23,1942-09-01,2022-12-18,1942-01-01,2022-01-01
Fort Polk,US,LA,72239,KPOE,31.05,-93.1833,101.0,America/Chicago,1962-09-03,2022-12-23,1955-10-27,2022-04-25,1955-01-01,2021-01-01
Lake Charles Regional Airport,US,LA,72240,KLCH,30.2,-93.3833,5.0,America/Chicago,1942-05-02,2022-12-23,1942-05-02,2022-12-18,1942-01-01,2022-01-01
Houston / Olcott,US,TX,72244,KEFD,29.6073,-95.1587,10.0,America/Chicago,1941-07-01,2022-12-23,1930-08-01,2022-12-18,1930-01-01,2022-01-01
Victoria Regional Airport,US,TX,72255,KVCT,28.8667,-96.1,35.0,America/Chicago,1941-11-04,2022-12-23,1941-11-04,2022-12-18,1953-01-01,2022-01-01
Waco Regional Airport,US,TX,72256,KACT,31.6,-97.05,157.0,America/Chicago,1942-05-14,2022-12-23,1941-01-01,2022-12-18,1941-01-01,2022-01-01
Marfa,US,TX,72264,KMRF,30.3667,-104.0167,1478.0,America/Chicago,1936-12-01,2022-12-14,1942-12-02,2022-04-25,1943-01-01,2021-01-01
Roswell Industrial Air Centr,US,NM,72268,KROW,33.3,-104.5333,1118.0,America/Denver,1942-07-13,2022-12-23,1942-07-13,2022-12-18,1942-01-01,2022-01-01
El Paso International Airport,US,TX,72270,KELP,31.8167,-106.3833,1206.0,America/Denver,1941-04-01,2022-12-23,1938-04-01,2022-12-18,1938-01-01,2022-01-01
"Fort Huachuca, Libby Aaf Ft Huachuca",US,AZ,72273,KFHU,47.6333,-110.3333,1438.0,America/Phoenix,1954-10-11,2022-12-23,1900-02-01,2022-04-25,1900-01-01,2022-01-01
Tucson International Airport,US,AZ,72274,KTUS,32.1333,-110.95,805.0,America/Phoenix,1973-01-01,2022-12-23,1946-06-01,2022-12-18,1946-01-01,2022-01-01
Phoenix Sky Harbor Airport,US,AZ,72278,KPHX,33.4333,-112.05,345.0,America/Phoenix,1973-01-01,2022-12-23,1933-06-01,2022-12-18,1933-01-01,2022-01-01
Yuma / Yuma International,US,AZ,72280,KYUM,32.65,-114.6,65.0,America/Phoenix,1942-01-16,2007-01-05,1942-11-02,2006-12-25,1942-01-01,1995-01-01
Riverside / March Air Force Base,US,CA,72286,KRIV,33.9,-117.25,469.0,America/Los_Angeles,1933-01-01,2022-12-23,1936-02-16,2022-12-18,1936-01-01,2022-01-01
San Diego International Airport,US,CA,72290,KSAN,32.7333,-117.1833,5.0,America/Los_Angeles,1942-01-01,2022-12-23,1939-07-01,2022-12-18,1939-01-01,2022-01-01
Pope Air Force Base,US,NC,72303,KPOB,35.1667,-79.0333,61.0,America/New_York,1937-07-03,2022-12-23,1937-07-08,2022-04-25,1937-01-01,2022-01-01
Raleigh-Durham International  Airport,US,NC,72306,KRDU,35.9,-78.7667,133.0,America/New_York,1945-11-01,2022-12-23,1944-05-18,2022-12-18,1944-01-01,2022-01-01
Norfolk International Airport,US,VA,72308,KORF,36.9,-76.2,8.0,America/New_York,1973-01-01,2022-12-23,1946-01-01,2022-12-17,1946-01-01,2022-01-01
"Cherry Point, Marine Corps Air Station",US,NC,72309,KNKT,34.8833,-76.8667,8.0,America/New_York,1973-01-01,2022-12-23,1945-03-01,2022-12-16,1945-01-01,2022-01-01
Columbia Metropolitan Airport,US,SC,72310,KCAE,33.95,-81.1167,72.0,America/New_York,1942-04-24,2022-12-23,1942-04-24,2022-12-18,1942-01-01,2022-01-01
Greer Greenville Spartburg,US,SC,72312,KGSP,34.8833,-82.05,296.0,America/New_York,1973-01-01,2022-12-23,1962-10-15,2022-12-18,1962-01-01,2022-01-01
Charlotte/Douglas International Airport,US,NC,72314,KCLT,35.214,-80.9431,228.0,America/New_York,1941-07-22,2022-12-23,1939-07-01,2022-12-18,1939-01-01,2022-01-01
Asheville Regional Airport,US,NC,72315,KAVL,35.4333,-82.0333,660.0,America/New_York,1973-01-01,2022-12-23,1946-01-01,2022-12-18,1946-01-01,2022-01-01
Piedmont Triad International  Airport,US,NC,72317,KGSO,36.1,-79.95,282.0,America/New_York,1945-11-01,2022-12-23,1928-11-01,2022-12-18,1928-01-01,2022-01-01
Anderson / Greenbriar,US,SC,72319,KAND,34.4946,-82.7094,238.0,America/New_York,1973-01-01,2022-12-23,1899-06-01,2022-12-16,1899-01-01,2022-01-01
Huntsville International  Jones Field,US,AL,72323,KHSV,34.65,-86.7833,192.0,America/Chicago,1973-01-01,2022-12-23,1958-09-01,2022-12-18,1958-01-01,2022-01-01
Lovell Field,US,TN,72324,KCHA,35.0333,-85.2,208.0,America/New_York,1973-01-01,2022-12-23,1938-04-01,2022-12-18,1938-01-01,2022-01-01
McGhee Tyson Airport,US,TN,72326,KTYS,35.8167,-83.9833,299.0,America/New_York,1948-01-01,2022-12-23,1910-01-01,2022-12-18,1910-01-01,2022-01-01
Nashville Airport,US,TN,72327,KBNA,36.1167,-86.6833,183.0,America/Chicago,1951-01-01,2022-12-23,1948-01-01,2022-12-18,1948-01-01,2022-01-01
Tupelo Regional Airport,US,MS,72332,KTUP,34.2667,-88.1,105.0,America/Chicago,1992-01-01,2022-12-23,1962-11-08,2022-12-18,1962-01-01,2022-01-01
Memphis International Airport,US,TN,72334,KMEM,35.0333,-89.9833,102.0,America/Chicago,1946-10-01,2022-12-23,1940-01-01,2022-12-18,1940-01-01,2022-01-01
Bristol / Holston,US,TN,72335,KTRI,36.4752,-82.4074,463.0,America/New_York,1991-01-01,2022-12-23,1937-10-01,2022-12-18,1937-01-01,2022-01-01
Fort Smith Regional Airport,US,AR,72344,KFSM,35.3333,-94.0333,143.0,America/Chicago,1947-01-01,2022-12-23,1945-09-27,2022-12-18,1945-01-01,2022-01-01
Harrison / Francis,US,AR,72345,KHRO,36.2615,-93.1547,416.0,America/Chicago,1946-08-01,2022-12-23,1946-08-02,2022-12-18,1946-01-01,2022-01-01
Wichita Falls Sheppard Afb,US,TX,72351,KSPS,33.9833,-98.4928,309.0,America/Chicago,1942-04-13,2022-12-23,1897-01-01,2022-12-18,1897-01-01,2022-01-01
Altus Air Force Base,US,OK,72352,KLTS,34.65,-99.2667,420.0,America/Chicago,1943-02-01,2022-12-23,1943-02-02,2022-04-25,1943-01-01,2021-01-01
Will Rogers World Airport,US,OK,72353,KOKC,35.3886,-97.6003,398.0,America/Chicago,1941-12-14,2022-12-23,1941-12-14,2022-12-18,1942-01-01,2022-01-01
Tinker Air Force Base,US,OK,72354,KTIK,35.4167,-97.3833,394.0,America/Chicago,1942-12-14,2022-12-23,1942-12-15,2022-04-25,1943-01-01,2021-01-01
Fort Sill,US,OK,72355,KFSI,34.6,-98.4,362.0,America/Chicago,1939-09-01,2022-12-23,1939-09-01,2022-04-25,1939-01-01,2021-01-01
Tulsa International Airport,US,OK,72356,KTUL,36.2,-95.8881,206.0,America/Chicago,1947-01-01,2022-12-23,1938-12-01,2022-12-18,1938-01-01,2022-01-01
Albuquerque International  Airport,US,NM,72365,KABQ,35.0333,-106.6,1631.0,America/Denver,1941-07-01,2022-12-23,1931-03-01,2022-12-18,1931-01-01,2022-01-01
Winslow Municipal Airport,US,AZ,72374,KINW,35.0333,-110.7167,1505.0,America/Phoenix,1973-01-01,2022-12-23,1898-10-01,2022-12-18,1898-01-01,2022-01-01
Edwards Air Force Base,US,CA,72381,KEDW,34.9167,-117.9,702.0,America/Los_Angeles,1941-12-01,2022-12-23,1941-12-21,2022-04-24,1942-01-01,2020-01-01
Bakersfield Meadows Field,US,CA,72384,KBFL,35.4333,-119.05,155.0,America/Los_Angeles,1941-10-01,2022-12-23,1937-10-01,2022-12-18,1937-01-01,2022-01-01
McCarran International Airport,US,NV,72386,KLAS,36.1167,-115.2667,663.0,America/Los_Angeles,1973-01-01,2022-12-23,1948-09-06,2022-12-18,1948-01-01,2022-01-01
Desert Rock Airport,US,NV,72387,KDRA,36.6333,-116.0333,1010.0,America/Los_Angeles,1978-05-15,2022-12-23,1978-05-15,2022-12-18,1978-01-01,2022-01-01
Fresno Air Terminal,US,CA,72389,KFAT,36.7833,-119.7167,101.0,America/Los_Angeles,1941-12-04,2022-12-23,1941-12-04,2022-12-18,1942-01-01,2022-01-01
Salisbury / Quail Ridge,US,MD,72398,KSBY,38.3402,-75.5095,16.0,America/New_York,2005-01-01,2022-12-23,1948-07-20,2022-12-17,1948-01-01,2022-01-01
Richmond International  Airport,US,VA,72401,KRIC,37.5167,-77.3167,51.0,America/New_York,1942-09-24,2022-12-23,1939-03-01,2022-12-17,1939-01-01,2022-01-01
Wallops Flight Fac Airport,US,VA,72402,KWAL,37.9333,-75.4667,12.0,America/New_York,1973-01-01,2022-12-23,1966-10-01,2022-12-17,1966-01-01,2022-01-01
Dulles International Airport,US,VA,72403,KIAD,38.9333,-77.45,95.0,America/New_York,1973-01-01,2022-12-23,1960-04-01,2022-12-18,1961-01-01,2022-01-01
Nas Patuxent River Md,US,MD,72404,KNHK,38.3,-76.0667,12.0,America/New_York,1945-03-01,2022-12-23,1945-03-01,2022-12-16,1945-01-01,2022-01-01
Washington National Airport,US,DC,72405,KDCA,38.85,-77.0333,5.0,America/New_York,1936-09-01,2022-12-23,1936-09-01,2022-12-18,1936-01-01,2022-01-01
Baltimore-Washington International,US,MD,72406,KBWI,39.1667,-76.6833,45.0,America/New_York,1945-01-01,2022-12-23,1939-07-01,2022-12-18,1939-01-01,2022-01-01
Atlantic City International,US,NJ,72407,KACY,39.4667,-74.0833,23.0,America/New_York,1947-01-01,2022-12-23,1947-01-01,2022-12-18,1947-01-01,2022-01-01
Philadelphia International Airport,US,PA,72408,KPHL,39.8667,-75.2333,6.0,America/New_York,1973-01-01,2022-12-23,1940-07-01,2022-12-18,1940-01-01,2022-01-01
Lakehurst Naval Air Station,US,NJ,72409,KNEL,40.0333,-74.3167,31.0,America/New_York,1973-01-01,2022-12-23,1973-01-01,2022-04-21,2010-01-01,2021-01-01
Lynchburg Regional Airport,US,VA,72410,KLYH,37.3167,-79.2,286.0,America/New_York,1973-01-01,2022-12-23,1944-08-01,2022-12-18,1944-01-01,2022-01-01
Roanoke Regional Airport,US,VA,72411,KROA,37.3167,-79.9667,358.0,America/New_York,1973-01-01,2022-12-23,1948-01-01,2022-12-18,1948-01-01,2022-01-01
Raleigh County Mem Airport,US,WV,72412,KBKW,37.8,-81.1167,763.0,America/New_York,1973-01-01,2022-12-23,1963-05-15,2022-12-18,1963-01-01,2022-01-01
Yeager Airport,US,WV,72414,KCRW,38.3667,-81.6,299.0,America/New_York,1973-01-01,2022-12-23,1947-12-01,2022-12-18,1947-01-01,2022-01-01
Town Hill,US,WV,72416,KW99,38.98,-79.13,293.0,America/New_York,2006-01-01,2022-12-23,2006-01-17,2022-04-25,2017-01-01,2022-01-01
Jennings Randolph Field,US,WV,72417,KEKN,38.8833,-79.85,606.0,America/New_York,1973-01-01,2022-12-23,1926-01-01,2022-12-18,1926-01-01,2022-01-01
Wilmington / Duross Heights,US,DE,72418,KILG,39.6787,-75.6066,24.0,America/New_York,1942-08-01,2022-12-23,1942-08-19,2022-12-18,1943-01-01,2022-01-01
Cincinnati/Northern Ky International,US,KY,72421,KCVG,39.05,-84.6667,273.0,America/New_York,1973-01-01,2022-12-23,1948-01-01,2022-12-18,1948-01-01,2022-01-01
Lexington Blue Grass Airport,US,KY,72422,KLEX,38.0333,-84.6,299.0,America/New_York,1973-01-01,2022-12-23,1872-10-11,2022-12-18,1872-01-01,2022-01-01
Standiford Field,US,KY,72423,KSDF,38.1833,-85.7333,151.0,America/Kentucky/Louisville,1973-01-01,2022-12-23,1948-01-01,2022-12-18,1948-01-01,2022-01-01
Fort Knox,US,KY,72424,KFTK,37.9,-85.9667,230.0,America/New_York,1945-03-01,2022-12-23,1945-03-01,2022-04-25,1945-01-01,2022-01-01
Tri-State Airport,US,WV,72425,KHTS,38.3667,-82.55,252.0,America/New_York,1973-01-01,2022-12-23,1961-01-04,2022-12-18,1961-01-01,2022-01-01
"Wilmington, Oh.",US,OH,72426,KILN,39.4167,-83.8167,317.0,America/New_York,1943-08-01,2022-12-23,1943-08-18,2022-12-17,1943-01-01,2022-01-01
Port Columbus International  Airport,US,OH,72428,KCMH,40.0,-82.05,248.0,America/New_York,1945-04-01,2022-12-23,1945-04-01,2022-12-18,1945-01-01,2022-01-01
Cox Dayton International,US,OH,72429,KDAY,39.9,-84.2167,308.0,America/New_York,1973-01-01,2022-12-23,1948-01-01,2022-12-18,1948-01-01,2022-01-01
Evansville Regional,US,IN,72432,KEVV,38.0333,-87.5333,127.0,America/Chicago,1973-01-01,2022-12-23,1948-01-01,2022-12-18,1948-01-01,2022-01-01
Lambert-St Louis International  Airport,US,IL,72434,KSTL,38.75,-90.0333,184.0,America/Chicago,1973-01-01,2022-12-23,1938-04-01,2022-12-18,1938-01-01,2022-01-01
Barkley Regional Airport,US,KY,72435,KPAH,37.05,-88.7667,125.0,America/Chicago,1989-01-01,2022-12-23,1949-08-12,2022-12-18,1949-01-01,2022-01-01
Columbus / Flat Rock Park,US,IN,72436,KBAK,39.2619,-85.8963,200.0,America/Indiana/Indianapolis,1990-02-08,2022-12-23,1949-07-06,2021-07-10,1949-01-01,1959-01-01
Terre Haute / Swalls,US,IN,72437,KHUF,39.4515,-87.3076,180.0,America/Indiana/Indianapolis,2005-01-01,2022-12-23,2003-11-18,2022-12-18,2004-01-01,2022-01-01
Indianapolis International  Airport,US,IN,72438,KIND,39.7167,-86.1167,243.0,America/Indiana/Indianapolis,1942-10-06,2022-12-23,1942-10-06,2022-12-18,1942-01-01,2022-01-01
Springfield / Bando,US,IL,72439,KSPI,39.8442,-89.6781,182.0,America/Chicago,1973-01-01,2022-12-23,1901-01-01,2022-12-18,1901-01-01,2022-01-01
Springfield-Branson National,US,MO,72440,KSGF,37.2333,-93.05,386.0,America/Chicago,1973-01-01,2022-12-23,1940-08-01,2022-12-18,1940-01-01,2022-01-01
Fort Leavenworth / Beverly,US,KS,72441,KFLV,39.3683,-94.9147,235.0,America/Chicago,1937-02-03,1998-09-30,1938-07-13,1971-07-27,1938-01-01,2012-01-01
Columbia Regional Airport,US,MO,72445,KCOU,38.8167,-92.2167,271.0,America/Chicago,1973-01-01,2022-12-23,1969-11-01,2022-12-18,1965-01-01,2022-01-01
Kansas City International Airport,US,MO,72446,KMCI,39.2972,-94.7306,313.0,America/Chicago,1973-01-01,2022-12-23,1972-10-01,2022-12-18,1972-01-01,2022-01-01
Rosecrans Memorial Airport,US,MO,72449,KSTJ,39.7667,-94.0833,252.0,America/Chicago,1973-01-01,2022-12-23,1948-01-01,2022-12-18,1948-01-01,2022-01-01
Dodge City Regional Airport,US,KS,72451,KDDC,37.7667,-99.1333,791.0,America/Chicago,1943-04-19,2022-12-23,1909-04-01,2022-12-18,1909-01-01,2022-01-01
"Fort Riley, Marshall Aaf Ft Riley",US,KS,72455,KFRI,39.05,-96.75,324.0,America/Chicago,1938-08-17,2022-12-23,1939-03-11,2022-04-25,1939-01-01,2021-01-01
La Junta / La Junta Village,US,CO,72463,KLHX,38.05,-103.5097,1289.0,America/Denver,1942-11-01,2022-12-23,1942-11-02,2022-04-25,1943-01-01,2021-01-01
Pueblo Memorial Airport,US,CO,72464,KPUB,38.2833,-104.5,1440.0,America/Denver,1942-10-01,2022-12-23,1942-10-01,2022-12-18,1942-01-01,2022-01-01
Colorado Springs Muni,US,CO,72466,KCOS,38.8167,-104.7167,1885.0,America/Denver,1942-09-01,2022-12-23,1942-09-01,2022-12-18,1942-01-01,2022-01-01
Fort Carson,US,CO,72468,KFCS,38.7,-104.7667,1789.0,America/Denver,1966-09-15,2022-12-23,1966-09-15,2022-04-25,1970-01-01,2020-01-01
"Denver / Stapleton International, Co.",US,CO,72469,KDNR,39.7833,-104.8667,1626.0,America/Denver,1940-05-15,1995-03-01,1940-05-15,2021-03-15,1940-01-01,2021-01-01
Milford / Yellow Banks,US,UT,72475,KMLF,38.4266,-113.0125,1536.0,America/Denver,2005-01-01,2022-12-23,1928-01-01,2022-04-24,1928-01-01,2022-01-01
Grand Junction Walker Field,US,CO,72476,KGJT,39.1333,-108.5333,1481.0,America/Denver,1973-01-01,2022-12-23,1900-01-01,2022-12-18,1900-01-01,2022-01-01
Tonopah / Valley View,US,NV,72485,KTPH,38.0602,-117.0868,1655.0,America/Los_Angeles,1942-10-01,2022-12-23,1942-10-02,2022-04-24,1943-01-01,2022-01-01
Ely Airport (Yelland Field),US,NV,72486,KELY,39.3,-114.85,1907.0,America/Los_Angeles,1973-01-01,2022-12-23,1888-04-01,2022-12-18,1888-01-01,2022-01-01
Reno/Tahoe International  Airport,US,NV,72488,KRNO,39.4833,-119.7667,1345.0,America/Los_Angeles,1943-01-05,2022-12-23,1937-03-01,2022-12-18,1937-01-01,2022-01-01
Stockton Metropolitan Airport,US,CA,72492,KSCK,37.9,-121.2333,9.0,America/Los_Angeles,1941-01-03,2022-12-23,1941-02-20,2022-12-18,1941-01-01,2022-01-01
Newark Airport,US,NJ,72502,KEWR,40.6833,-74.0,5.0,America/New_York,1973-01-01,2022-12-23,1893-01-01,2022-12-18,1893-01-01,2022-01-01
Sikorsky Memorial Airport,US,CT,72504,KBDR,41.1667,-73.1333,3.0,America/New_York,1942-12-08,2022-12-23,1942-12-08,2022-12-18,1943-01-01,2022-01-01
Providence Green State Airport,US,RI,72507,KPVD,41.7333,-71.4333,17.0,America/New_York,1942-08-01,2022-12-23,1942-08-01,2022-12-18,1942-01-01,2022-01-01
Bradley International Airport,US,CT,72508,KBDL,41.9333,-72.6833,53.0,America/New_York,1941-09-12,2022-12-23,1942-01-08,2022-12-18,1942-01-01,2022-01-01
Boston Logan International,US,MA,72509,KBOS,42.3667,-71.0167,6.0,America/New_York,1943-11-21,2022-12-23,1936-01-01,2022-12-18,1936-01-01,2022-01-01
Worcester / West Tatnuck,US,MA,72510,KORH,42.2673,-71.8757,308.0,America/New_York,1973-01-01,2022-12-23,1948-06-01,2022-12-18,1948-01-01,2022-01-01
Albany International Airport,US,NY,72518,KALB,42.75,-73.1333,87.0,America/New_York,1946-01-01,2022-12-23,1938-06-01,2022-12-18,1938-01-01,2022-01-01
Syracuse Hancock International  Airport,US,NY,72519,KSYR,43.1167,-76.1,125.0,America/New_York,1942-10-01,2022-12-23,1938-05-01,2022-12-18,1938-01-01,2022-01-01
Greater Pittsburgh International,US,PA,72520,KPIT,40.4833,-80.0667,367.0,America/New_York,1945-02-01,2022-12-23,1945-02-01,2022-12-18,1945-01-01,2022-01-01
Akron-Canton Regional Airport,US,OH,72521,KCAK,40.9167,-81.45,374.0,America/New_York,1973-01-01,2022-12-23,1948-07-01,2022-12-18,1948-01-01,2022-01-01
Cleveland-Hopkins International,US,OH,72524,KCLE,41.4,-81.85,241.0,America/New_York,1973-01-01,2022-12-23,1938-05-01,2022-12-18,1938-01-01,2022-01-01
Youngstown-Warren Reg Airprt,US,OH,72525,KYNG,41.25,-80.6667,365.0,America/New_York,1948-01-01,2022-12-23,1934-08-01,2022-12-18,1934-01-01,2022-01-01
Erie International Airport,US,PA,72526,KERI,42.0833,-80.1833,223.0,America/New_York,1973-01-01,2022-12-23,1926-01-01,2022-12-18,1926-01-01,2022-01-01
Buffalo Airport,US,NY,72528,KBUF,42.9333,-78.7333,221.0,America/New_York,1942-02-01,2022-12-23,1938-05-01,2022-12-18,1938-01-01,2022-01-01
Chicago O’hare Airport,US,IL,72530,KORD,41.9833,-87.9167,204.0,America/Chicago,1946-10-01,2022-12-23,1946-10-09,2022-12-18,1946-01-01,2022-01-01
Greater Peoria Regional Airport,US,IL,72532,KPIA,40.6667,-89.6839,201.0,America/Chicago,1973-01-01,2022-12-23,1943-05-04,2022-12-18,1943-01-01,2022-01-01
Fort Wayne International,US,IN,72533,KFWA,41.0,-85.0333,248.0,America/Indiana/Indianapolis,1941-11-01,2022-12-23,1939-08-01,2022-12-18,1939-01-01,2022-01-01
Chicago Midway Airport,US,IL,72534,KMDW,41.7833,-87.75,189.0,America/Chicago,1973-01-01,2022-12-23,1928-02-29,2022-12-17,1928-01-01,2022-01-01
South Bend Regional Airport,US,IN,72535,KSBN,41.7,-86.3167,244.0,America/Indiana/Indianapolis,1973-01-01,2022-12-23,1893-12-01,2022-12-18,1893-01-01,2022-01-01
Detroit Metropolitan,US,MI,72537,KDTW,42.2333,-83.0,195.0,America/Detroit,1942-08-01,2022-12-23,1942-08-01,2022-12-18,1942-01-01,2022-01-01
Burlington / Congers Mobile Home Park,US,IA,72542,KBRL,40.7832,-91.1255,213.0,America/Chicago,2005-01-01,2022-12-23,1897-07-14,2022-12-18,1897-01-01,2022-01-01
Greater Rockford Airport,US,IL,72543,KRFD,42.2,-89.1,224.0,America/Chicago,1973-01-01,2022-12-23,1951-01-01,2022-12-18,1951-01-01,2022-01-01
Moline Quad-City Airport,US,IL,72544,KMLI,41.45,-90.0167,180.0,America/Chicago,1973-01-01,2022-12-23,1943-05-24,2022-12-18,1943-01-01,2022-01-01
Cedar Rapids / Konigsmark,US,IA,72545,KCID,41.8851,-91.7123,265.0,America/Chicago,1973-01-01,2022-12-23,1953-06-01,2022-12-18,1953-01-01,2022-01-01
Des Moines International,US,IA,72546,KDSM,41.5333,-93.6531,292.0,America/Chicago,1973-01-01,2022-12-23,1945-07-01,2022-12-18,1945-01-01,2022-01-01
Dubuque Regional Airport,US,IL,72547,KDBQ,42.4,-90.0333,328.0,America/Chicago,1973-01-01,2022-12-23,1951-02-01,2022-12-18,1951-01-01,2022-01-01
Waterloo Municipal Airport,US,IA,72548,KALO,42.55,-92.0667,266.0,America/Chicago,1960-03-01,2022-12-23,1950-03-01,2022-12-18,1950-01-01,2022-01-01
Lincoln Municipal Airport,US,NE,72551,KLNK,40.8333,-96.7647,372.0,America/Chicago,1942-10-01,2022-12-23,1942-10-01,2022-12-18,1942-01-01,2022-01-01
Central Nebraska Regional,US,NE,72552,KGRI,40.9667,-98.15,563.0,America/Chicago,1944-03-01,2022-12-23,1938-03-21,2022-12-18,1938-01-01,2022-01-01
Omaha / Offutt Air Force Base,US,NE,72554,KOFF,41.1167,-95.9,319.0,America/Chicago,1948-01-12,2022-12-23,1948-01-13,2022-04-25,1948-01-01,2020-01-01
Karl Stefan Memorial Airport,US,NE,72556,KOFK,41.9833,-97.4333,479.0,America/Chicago,1973-01-01,2022-12-23,1945-10-01,2022-12-18,1945-01-01,2022-01-01
Sioux Gateway Airport,US,IA,72557,KSUX,42.3833,-96.05,335.0,America/Chicago,1942-10-01,2022-12-23,1942-10-01,2022-12-18,1942-01-01,2022-01-01
North Platte Regional Airport,US,NE,72562,KLBF,41.1167,-100.6667,847.0,America/Chicago,1973-01-01,2022-12-23,1948-01-01,2022-12-18,1948-01-01,2022-01-01
Cheyenne Airport,US,WY,72564,KCYS,41.15,-104.8,1878.0,America/Denver,1948-01-01,2022-12-23,1915-01-01,2022-12-18,1915-01-01,2022-01-01
Scottsbluff Heilig Field,US,NE,72566,KBFF,41.8667,-103.6,1209.0,America/Denver,1943-01-13,2022-12-23,1893-01-01,2022-12-18,1893-01-01,2022-01-01
"Miller Field - Valentine, Ne",US,NE,72567,KVTN,42.8667,-100.55,789.0,America/Chicago,1948-01-01,2022-12-23,1948-01-01,2022-12-18,1948-01-01,2022-01-01
Natrona County International  Airport,US,WY,72569,KCPR,42.9,-106.4667,1630.0,America/Denver,1940-01-01,2022-12-23,1940-01-01,2022-12-18,1940-01-01,2022-01-01
Salt Lake City International  Airport,US,UT,72572,KSLC,40.7833,-111.9667,1288.0,America/Denver,1941-11-01,2022-12-23,1941-11-01,2022-12-18,1941-01-01,2022-01-01
Rock Springs-Sweetwater Co,US,WY,72574,KRKS,41.6,-109.05,2060.0,America/Denver,1991-01-01,2022-12-23,1991-01-01,2022-12-18,1991-01-01,2022-01-01
Ogden-Hinckley Airport,US,UT,72575,KOGD,41.2,-112.0167,1362.0,America/Denver,1973-01-01,2022-12-23,1948-01-01,2022-12-17,1948-01-01,2022-01-01
Lander Hunt Field,US,WY,72576,KLND,42.8167,-108.7333,1703.0,America/Denver,1973-01-01,2022-12-23,1948-01-01,2022-12-18,1948-01-01,2022-01-01
Pocatello Regional Airport,US,ID,72578,KPIH,42.9167,-112.6,1356.0,America/Boise,1943-01-01,2022-12-23,1939-01-03,2022-12-18,1939-01-01,2022-01-01
Lovelock / Granite Point,US,NV,72580,KLOL,40.0664,-118.5652,1191.0,America/Los_Angeles,1977-01-01,2022-12-23,1977-02-26,2022-12-18,1981-01-01,2022-01-01
Wendover / Air Force Auxillary Field,US,UT,72581,KENV,40.7333,-114.0333,1291.0,America/Denver,1942-08-01,2022-12-23,1911-05-25,2022-04-18,1911-01-01,2021-01-01
Winnemucca Municipal Airport,US,NV,72583,KWMC,40.9,-117.8,1312.0,America/Los_Angeles,1973-01-01,2022-12-17,1877-07-01,2022-12-18,1877-01-01,2022-01-01
Salinas / Spreckels Junction,US,CA,72593,KSNS,36.6628,-121.6064,26.0,America/Los_Angeles,1941-08-05,2022-12-23,1930-06-14,2022-12-18,1930-01-01,2022-01-01
Rogue Valley International  Airport,US,OR,72597,KMFR,42.3833,-122.8833,406.0,America/Los_Angeles,1973-01-01,2022-12-23,1928-01-01,2022-12-18,1928-01-01,2022-01-01
"Concord, Concord Municipal Airport",US,NH,72605,KCON,43.1833,-71.5,105.0,America/New_York,1973-01-01,2022-12-23,1939-04-01,2022-12-18,1939-01-01,2022-01-01
Portland International  Jetport,US,ME,72606,KPWM,43.65,-70.1333,23.0,America/New_York,1973-01-01,2022-12-23,1940-11-07,2022-12-18,1940-01-01,2022-01-01
Lebanon / West Lebanon,US,NH,72611,KLEB,43.6261,-72.3042,184.0,America/New_York,1993-01-01,2022-12-23,1993-01-03,2022-04-25,2005-01-01,2022-01-01
Mount Washington,US,NH,72613,KMWN,44.2667,-71.3,1909.0,America/New_York,2006-01-01,2022-12-23,1948-01-01,2022-12-18,1948-01-01,2022-01-01
Berlin Municipal Airport,US,NH,72616,KBML,44.5833,-71.0167,353.0,America/New_York,2006-01-01,2022-12-23,1996-07-01,2022-12-17,1996-01-01,2022-01-01
Burlington International,US,VT,72617,KBTV,44.4667,-73.15,102.0,America/New_York,1948-01-01,2022-12-23,1940-12-01,2022-12-18,1940-01-01,2022-01-01
Greenville,US,ME,72619,KGNR,45.463,-69.5516,427.0,America/New_York,2006-01-01,2022-12-23,1920-01-01,2022-12-17,1920-01-01,2021-01-01
Roscommon County Airport,US,MI,72638,KHTL,44.35,-84.6667,351.0,America/Detroit,1973-01-01,2022-12-23,1964-07-01,2022-12-18,1964-01-01,2022-01-01
Alpena County Regional Airport,US,MI,72639,KAPN,45.0833,-83.5667,210.0,America/Detroit,1973-01-01,2022-12-23,1916-10-21,2022-12-18,1916-01-01,2022-01-01
Gen Mitchell International Airport,US,WI,72640,KMKE,42.955,-87.9044,211.0,America/Chicago,1948-01-01,2022-12-23,1938-04-01,2022-12-18,1938-01-01,2022-01-01
Madison Dane County Rgnl,US,WI,72641,KMSN,43.1333,-89.0167,263.0,America/Chicago,1948-01-01,2022-12-23,1939-10-01,2022-12-18,1939-01-01,2022-01-01
La Crosse Municipal Airport,US,WI,72643,KLSE,43.8833,-91.25,199.0,America/Chicago,1948-01-01,2022-12-23,1938-04-01,2022-12-18,1938-01-01,2022-01-01
Rochester International Airport,US,MN,72644,KRST,43.9,-92.5,401.0,America/Chicago,1973-01-01,2022-12-23,1893-01-18,2022-12-18,1893-01-01,2022-01-01
Austin Straubel International  Airport,US,WI,72645,KGRB,44.4833,-88.1333,212.0,America/Chicago,1950-01-01,2022-12-23,1886-09-01,2022-12-18,1886-01-01,2022-01-01
Sioux Falls Foss Field,US,SD,72651,KFSD,43.5833,-96.75,436.0,America/Chicago,1942-10-01,2022-12-23,1932-01-01,2022-12-18,1932-01-01,2022-01-01
Huron Regional Airport,US,SD,72654,KHON,44.3833,-98.2333,393.0,America/Chicago,1973-01-01,2022-12-23,1881-07-01,2022-12-18,1881-01-01,2022-01-01
Saint Cloud / St Cloud / Cable,US,MN,72655,KSTC,45.5466,-94.0599,314.0,America/Chicago,1973-01-01,2022-12-23,1904-09-01,2022-12-18,1904-01-01,2022-01-01
Minneapolis-St Paul International,US,MN,72658,KMSP,44.8667,-93.05,256.0,America/Chicago,1945-01-01,2022-12-23,1938-04-09,2022-12-18,1938-01-01,2022-01-01
Aberdeen Regional Airport,US,SD,72659,KABR,45.45,-98.4167,397.0,America/Chicago,1973-01-01,2022-12-23,1893-01-01,2022-12-17,1893-01-01,2022-01-01
Rapid City Regional Airport,US,SD,72662,KRAP,44.05,-103.05,976.0,America/Denver,1973-01-01,2022-12-23,1948-05-01,2022-12-18,1948-01-01,2022-01-01
Sheridan County Airport,US,WY,72666,KSHR,44.7667,-106.9667,1226.0,America/Denver,1973-01-01,2022-12-23,1948-01-01,2022-12-18,1948-01-01,2022-01-01
Big Piney-Marbleton Airport,US,WY,72671,KBPI,42.5833,-110.1,2131.0,America/Denver,1999-01-01,2022-12-23,1998-02-26,2022-12-18,1998-01-01,2022-01-01
Logan International Airport,US,MT,72677,KBIL,45.8167,-108.55,1112.0,America/Denver,1935-05-01,2022-12-23,1935-05-01,2022-12-18,1935-01-01,2022-01-01
Boise Air Terminal,US,ID,72681,KBOI,43.5667,-116.2333,871.0,America/Boise,1931-01-01,2022-12-23,1931-01-01,2022-12-18,1931-01-01,2022-01-01
Pendleton Municipal Airport,US,OR,72688,KPDT,46.1667,-119.3833,455.0,America/Los_Angeles,1942-01-01,2022-12-23,1928-01-01,2022-12-18,1928-01-01,2022-01-01
Portland International  Airport,US,OR,72698,KPDX,45.5833,-122.6,8.0,America/Los_Angeles,1936-05-01,2022-12-23,1936-05-01,2022-12-18,1936-01-01,2022-01-01
East Hodgdon,US,ME,72703,KHUL,46.12,-67.8,150.0,America/New_York,2000-01-01,2022-12-23,2000-09-02,2022-04-25,2001-01-01,2022-01-01
Caribou Municipal Airport,US,ME,72712,KCAR,46.8667,-68.0167,191.0,America/New_York,1973-01-01,2022-12-23,1939-01-16,2022-12-18,1939-01-01,2022-01-01
Presque Isle,US,ME,72713,KPQI,46.6833,-68.05,163.0,America/New_York,1941-11-01,2022-12-23,1941-11-02,2022-04-25,1942-01-01,2022-01-01
Sault Ste. Marie Muni,US,MI,72734,KANJ,46.4833,-84.35,218.0,America/Detroit,1973-01-01,2022-12-23,1931-01-01,2022-12-18,1931-01-01,2022-01-01
Marquette,US,MI,72743,KMQT,46.5333,-87.55,434.0,America/Detroit,1973-01-01,2022-10-31,1857-09-01,2022-12-18,1857-01-01,2022-01-01
Duluth International Airport,US,MN,72745,KDLH,46.8333,-92.2167,435.0,America/Chicago,1948-01-01,2022-12-23,1948-01-01,2022-12-18,1948-01-01,2022-01-01
Falls International Airport,US,MN,72747,KINL,48.5667,-93.4,361.0,America/Chicago,1973-01-01,2022-12-23,1906-07-01,2022-12-09,1906-01-01,2022-01-01
Hector International Airport,US,ND,72753,KFAR,46.9333,-96.8167,274.0,America/Chicago,1948-01-01,2022-12-23,1891-05-19,2022-12-18,1891-01-01,2022-01-01
Dickinson / Eland,US,ND,72763,KDIK,46.7973,-102.8019,790.0,America/Denver,2005-01-01,2022-12-23,1938-11-14,2022-12-18,1948-01-01,2022-01-01
Bismarck Municipal Airport,US,ND,72764,KBIS,46.7833,-100.75,511.0,America/Chicago,1936-07-01,2022-12-23,1936-07-01,2022-12-18,1936-01-01,2022-01-01
Sloulin Field International  Airport,US,ND,72767,KISN,48.1833,-103.65,604.0,America/Chicago,1973-01-01,2019-10-18,1894-01-01,2019-12-29,1894-01-01,2019-01-01
Glasgow International Airport,US,MT,72768,KGGW,48.2167,-106.6167,699.0,America/Denver,1942-12-10,2022-12-23,1942-12-10,2022-12-18,1943-01-01,2022-01-01
Dillon / Bishop Place,US,MT,72770,KDLN,45.2554,-112.5525,1599.0,America/Denver,1973-01-01,2022-12-23,1940-01-01,2022-12-18,1940-01-01,2022-01-01
Helena Regional Airport,US,MT,72772,KHLN,46.6,-111.9667,1180.0,America/Denver,1973-01-01,2022-12-23,1938-04-01,2022-12-18,1938-01-01,2022-01-01
Missoula International Airport,US,MT,72773,KMSO,46.9167,-114.1,976.0,America/Denver,1973-01-01,2022-12-23,1948-01-01,2022-12-18,1948-01-01,2022-01-01
Great Falls International,US,MT,72775,KGTF,47.4667,-111.3833,1120.0,America/Denver,1973-01-01,2022-12-23,1937-04-01,2022-12-18,1937-01-01,2022-01-01
Havre City-County Airport,US,MT,72777,KHVR,48.55,-109.7667,789.0,America/Denver,1973-01-01,2022-12-23,1961-02-01,2022-12-18,1961-01-01,2022-01-01
Glacier Park International  Airport,US,MT,72779,KGPI,48.3,-114.2667,906.0,America/Denver,1973-01-01,2022-12-23,1896-06-01,2022-12-18,1896-01-01,2022-01-01
Yakima Air Terminal,US,WA,72781,KYKM,46.5667,-120.5333,334.0,America/Los_Angeles,1973-01-01,2022-12-23,1946-09-06,2022-12-18,1946-01-01,2022-01-01
Lewiston Nez Perce Co Airport,US,ID,72783,KLWS,46.3667,-117.0167,438.0,America/Los_Angeles,1973-01-01,2022-12-23,1948-01-01,2022-12-18,1948-01-01,2022-01-01
Spokane International Airport,US,WA,72785,KGEG,47.6167,-117.5333,723.0,America/Los_Angeles,1941-08-11,2022-12-23,1889-08-01,2022-12-18,1889-01-01,2022-01-01
Ephrata / Lakeview,US,WA,72790,KEPH,47.3081,-119.5169,389.0,America/Los_Angeles,1942-01-01,2022-12-23,1942-01-02,2022-12-18,1942-01-01,2022-01-01
Seattle-Tacoma Airport,US,WA,72793,KSEA,47.45,-122.3167,131.0,America/Los_Angeles,1948-01-01,2022-12-23,1948-01-01,2022-12-18,1948-01-01,2022-01-01
Lewisburg,US,NJ,74000,KFWN,41.2,-74.62,128.0,America/New_York,2006-01-01,2022-12-23,2006-01-01,2022-04-25,2006-01-01,2022-01-01
Tacoma / McChord Air Force Base,US,WA,74206,KTCM,47.15,-122.4833,98.0,America/Los_Angeles,1940-07-22,2022-12-23,1940-07-23,2022-04-25,1940-01-01,2022-01-01
Fort Lewis / Gray U. S. Army Airfield,US,WA,74207,KGRF,47.1167,-122.55,92.0,America/Los_Angeles,1939-04-01,2022-12-23,1939-04-02,2022-04-25,1939-01-01,2022-01-01
Chapel Hill,US,AR,74331,KDEQ,34.05,-94.4,107.0,America/Chicago,2004-01-01,2022-12-23,2004-02-11,2022-04-25,2004-01-01,2022-01-01
Brunswick Naval Air Stn,US,ME,74392,KNHZ,43.9,-69.1,23.0,America/New_York,1952-01-01,2010-02-01,1940-09-01,2010-02-07,1940-01-01,2010-01-01
Broad Acres,US,NH,74394,KASH,42.78,-71.52,61.0,America/New_York,2006-01-01,2022-12-23,2006-01-01,2022-04-25,2006-01-01,2022-01-01
"Davenport, Ia.",US,IA,74455,KDVN,41.6167,-90.5833,229.0,America/Chicago,2005-01-01,2022-12-23,2005-01-01,2022-04-25,2006-01-01,2022-01-01
"Verona, Ny. Af",US,NY,74480,KRME,43.1333,-75.6,0.0,America/New_York,1942-07-01,2022-12-23,1942-07-02,2022-04-25,1942-01-01,2022-01-01
Chicopee Falls / Westover Air Force Base,US,MA,74491,KCEF,42.2,-72.5333,75.0,America/New_York,1941-04-01,2022-12-23,1941-06-06,2022-04-25,1941-01-01,2021-01-01
Nantucket / Surfside,US,MA,74493,KACK,41.2531,-70.0603,14.0,America/New_York,1990-03-14,2022-12-23,1997-06-23,2022-04-25,2005-01-01,2021-01-01
Chatham,US,MA,74494,KCHH,41.6667,-69.9667,14.0,America/New_York,1973-01-01,1995-03-21,1972-08-01,2021-03-31,1972-01-01,2021-01-01
Air Force Academy,US,CO,74531,KAFF,38.9667,-104.8167,2003.0,America/Denver,1967-11-27,2022-12-23,1970-08-01,2022-04-25,2008-01-01,2022-01-01
"Smokey Hill Gunnery Range, Ks.",US,KS,74545,KSLN,38.65,-97.8,0.0,America/Chicago,1973-01-01,2022-12-23,1973-01-01,2022-04-25,1975-01-01,2022-01-01
"Conway, Mo.",US,MO,74550,KTBN,37.5167,-92.7,390.0,America/Chicago,1963-03-20,2022-12-23,1963-03-21,2022-04-21,1963-01-01,2022-01-01
Dayton / Wright-Patterson Air Force Base,US,OH,74570,KFFO,39.8333,-84.05,251.0,America/New_York,1936-05-01,2022-12-23,1937-10-02,2022-04-25,1937-01-01,2022-01-01
Camp Springs / Andrews Air Force Base,US,MD,74594,KADW,38.8167,-76.85,86.0,America/New_York,1943-06-19,2022-12-23,1943-07-04,2022-04-25,1943-01-01,2021-01-01
Langley Air Force Base,US,VA,74598,KLFI,37.0833,-76.35,3.0,America/New_York,1936-10-01,2022-12-23,1918-11-01,2022-04-25,1918-01-01,2021-01-01
Melrose Gunnery Range,US,NM,74638,K4MR,34.3,-103.8,1326.0,America/Denver,1963-07-01,2022-12-22,2017-01-22,2020-01-05,,
"Woodward, West Woodward Airport",US,OK,74641,KWWR,36.4333,-99.5167,667.0,America/Chicago,2005-01-01,2022-12-22,1904-05-01,2022-12-18,1904-01-01,2022-01-01
Fort Campbell U. S. Army Airfield,US,KY,74671,KHOP,36.6667,-87.5,174.0,America/Chicago,1943-07-15,2022-12-23,1943-07-16,2022-04-25,1943-01-01,2021-01-01
Fort Bragg / Simmons Army Airfield,US,NC,74693,KFBG,35.1333,-78.9333,74.0,America/New_York,1961-07-01,2022-12-23,1961-07-01,2022-04-25,1961-01-01,2022-01-01
Alexandria International Airport,US,LA,74754,KAEX,31.55,-92.9333,27.0,America/Chicago,1943-09-01,2022-12-23,1943-09-02,2022-04-25,1943-01-01,2022-01-01
Tyndall Air Force Base,US,FL,74775,KPAM,30.0667,-85.5833,5.0,America/Chicago,1942-03-19,2022-12-23,1942-04-21,2022-04-25,1942-01-01,2022-01-01
"Macdill Air Force Base, Fl.",US,FL,74788,KMCF,27.85,-82.5,4.0,America/New_York,1941-05-01,2022-12-23,1941-05-03,2022-04-25,1941-01-01,2021-01-01
Shaw Air Force Base,US,SC,74790,KSSC,33.9667,-80.4833,74.0,America/New_York,1941-12-22,2022-12-23,1941-12-23,2022-04-25,1942-01-01,2022-01-01
Myrtle Beach Air Force Base,US,SC,74791,KMYR,33.6833,-78.9333,8.0,America/New_York,1942-11-01,2022-12-23,1942-11-02,2022-04-25,1942-01-01,2022-01-01
Avon Park Gunnery Range,US,FL,74796,KAGR,27.65,-81.3333,20.0,America/New_York,1943-12-01,2022-12-23,1943-12-02,2022-04-24,1944-01-01,1945-01-01
"Sand Island, Henderson Field Airport",US,HI,91066,PMDY,28.2167,-177.3667,4.0,Pacific/Midway,1945-04-01,2022-12-22,1945-04-02,2022-12-16,1945-01-01,2022-01-01
Pmrf Barking Sands,US,HI,91162,PHBK,22.0333,-159.7833,4.0,Pacific/Honolulu,1942-04-22,2022-12-23,1942-11-11,2022-04-25,1943-01-01,2021-01-01
Lihue Airport,US,HI,91165,PHLI,21.9833,-159.3333,45.0,Pacific/Honolulu,1973-01-01,2022-12-23,1950-02-01,2022-12-18,1950-01-01,2022-01-01
Wheeler Air Force Base / Oahu,US,HI,91170,PHHI,21.4833,-158.0333,255.0,Pacific/Honolulu,1939-06-01,2022-12-23,1940-06-19,2022-04-25,1940-01-01,2022-01-01
Mcbh Kaneohe Bay Hawaii,US,HI,91176,PHNG,21.45,-157.75,7.0,Pacific/Honolulu,1973-01-01,2022-12-23,1942-01-01,2022-12-16,1942-01-01,2022-01-01
Honolulu International Airport,US,HI,91182,PHNL,21.3333,-157.95,4.0,Pacific/Honolulu,1939-06-01,2022-12-23,1939-06-01,2022-12-18,1939-01-01,2022-01-01
Kahului Airport,US,HI,91190,PHOG,20.9,-156.4333,16.0,Pacific/Honolulu,1973-01-01,2022-12-23,1905-01-01,2022-12-18,1905-01-01,2022-01-01
"Rota Island, N. Mariana Is, Rota International Airport",US,RO,91221,PGRO,14.1833,145.25,185.0,Pacific/Saipan,2005-01-01,2022-12-23,1993-07-01,2022-12-18,1993-01-01,2022-01-01
"Saipan Island, Saipan International Airport",US,SA,91232,PGSN,15.1167,145.7333,66.0,Pacific/Saipan,1944-07-10,2022-12-23,1944-07-17,2022-12-18,1944-01-01,2022-01-01
"Wake Island, Wake Island Army Airfield Airport",US,WQ,91245,PWAK,19.2833,166.65,4.0,Pacific/Wake,1945-12-31,2022-12-23,1946-01-01,2022-04-25,1946-01-01,2021-01-01
Hilo International Airport,US,HI,91285,PHTO,19.7167,-155.05,12.0,Pacific/Honolulu,1973-01-01,2022-12-23,1949-10-01,2022-12-18,1949-01-01,2022-01-01
South Kona / Hawaii,US,HI,91293,PHWH,19.1,-155.75,808.0,Pacific/Honolulu,1973-11-08,1983-12-31,1977-01-01,1989-04-30,1977-01-01,1989-01-01
Dover Air Force Base,US,DE,,KDOV,39.1333,-75.4667,9.0,America/New_York,2022-04-23,2022-12-23,2022-04-24,2022-04-24,,
Andover / Wawayanda,US,NJ,,K12N,41.0086,-74.738,178.0,America/New_York,2006-01-01,2022-12-23,2006-01-01,2022-03-09,2006-01-01,2022-01-01
Jaffrey,US,NH,,KAFN,42.8051,-72.003,317.0,America/New_York,2006-01-01,2022-12-23,2006-01-01,2022-04-24,2006-01-01,2022-01-01
Altoona / Martinsburg,US,PA,,KAOO,40.2964,-78.32,458.0,America/New_York,1973-01-01,2022-12-23,1973-01-01,2022-04-24,1999-01-01,2022-01-01
Watertown / Breezy Knoll Mobile Home Park,US,NY,,KART,43.9919,-76.0217,100.0,America/New_York,1949-05-01,2022-12-23,1949-05-05,2022-04-24,1949-01-01,2022-01-01
La Crosse / Cold Springs,US,WI,,KARX,43.8228,-91.1911,389.0,America/Chicago,1942-01-01,1980-03-14,1942-01-03,1980-01-31,1942-01-01,1953-01-01
Watertown,US,SD,,KATY,44.914,-97.1547,533.0,America/Chicago,1948-01-01,2022-12-23,1948-01-24,2022-04-24,1948-01-01,2022-01-01
Augusta,US,ME,,KAUG,44.3206,-69.7973,107.0,America/New_York,1973-01-01,2022-12-23,1973-01-01,2022-04-24,1974-01-01,2022-01-01
West Memphis / Riceville,US,AR,,KAWM,35.1351,-90.2344,65.0,America/Chicago,2005-01-01,2022-12-23,2005-01-01,2022-04-24,2005-01-01,2022-01-01
Alexandria / Mobile Park Estates,US,MN,,KAXN,45.8663,-95.3947,434.0,America/Chicago,1973-01-01,2022-12-23,1973-01-01,2022-04-24,1999-01-01,2022-01-01
Altus / Welon,US,OK,,KAXS,34.6988,-99.3385,437.0,America/Chicago,2005-05-24,2022-12-23,2005-05-25,2022-04-24,2009-01-01,2022-01-01
Ayer / Ft. Devens,US,MA,,KAYE,42.5667,-71.6,82.0,America/New_York,1960-10-21,1993-02-01,1961-09-20,1978-01-30,1961-01-01,1963-01-01
Tullahoma / Dixie (Historical),US,TN,,KAYX,35.3926,-86.0858,325.0,America/Chicago,1943-01-01,1969-08-01,1943-01-02,1969-07-31,1943-01-01,1969-01-01
Westfield / Owen District,US,MA,,KBAF,42.1577,-72.7156,82.0,America/New_York,1973-01-05,2022-12-23,1998-08-08,2022-04-24,2005-01-01,2022-01-01
Battle Mountain / Rosny,US,NV,,KBAM,40.599,-116.8743,1381.0,America/Los_Angeles,1973-01-01,2022-12-23,2017-03-04,2022-04-24,2017-01-01,2022-01-01
Bryce Canyon / Bryce Canyon City,US,UT,,KBCE,37.7064,-112.1458,2313.0,America/Denver,1973-01-01,2022-12-23,1973-01-01,2022-04-24,2005-01-01,2021-01-01
Baudette,US,MN,,KBDE,48.7284,-94.6122,331.0,America/Chicago,1983-11-04,2022-12-23,1995-02-11,2022-04-24,1998-01-01,2022-01-01
Bradford / Mount Alton,US,PA,,KBFD,41.8031,-78.6401,653.0,America/New_York,1973-01-01,2022-12-23,1973-01-01,2022-04-24,1981-01-01,2022-01-01
Seattle / South Park,US,WA,,KBFI,47.53,-122.302,6.0,America/Los_Angeles,1943-10-01,2022-12-23,1943-10-02,2022-04-24,1944-01-01,2022-01-01
Mobile / Curve Mobile Home Park,US,AL,,KBFM,30.6268,-88.0681,8.0,America/Chicago,1942-07-01,2022-12-23,1942-07-02,2022-04-24,1942-01-01,2022-01-01
Bar Harbor / Trenton,US,ME,,KBHB,44.4498,-68.3616,25.0,America/New_York,2006-01-01,2022-12-23,2006-01-01,2022-04-24,2007-01-01,2022-01-01
Block Island / New Shoreham Center,US,RI,,KBID,41.1681,-71.5778,33.0,America/New_York,1990-01-01,2022-12-23,1990-01-01,2022-04-24,1990-01-01,2021-01-01
Biloxi / B And H Mobile Home Park,US,MS,,KBIX,30.4104,-88.9244,10.0,America/Chicago,1942-05-09,2022-12-23,1942-05-10,2022-04-24,1942-01-01,2021-01-01
Baker / Estes (Historical),US,OR,,KBKE,44.8373,-117.8091,1028.0,America/Los_Angeles,1973-01-01,2022-12-23,1973-01-01,2022-04-24,2001-01-01,2022-01-01
Denver / Aurora / Side Creek,US,CO,,KBKF,39.7017,-104.7517,1726.0,America/Denver,1944-03-01,2022-12-23,1961-03-02,2022-04-24,1961-01-01,2021-01-01
Ft Pickett / Blackstone,US,VA,,KBKT,37.0743,-77.9573,133.0,America/New_York,1943-06-01,2022-12-23,1943-06-02,2022-04-25,2020-01-01,2022-01-01
Bluefield / Littlesburg,US,WV,,KBLF,37.2958,-81.2077,871.0,America/New_York,2000-01-01,2022-12-23,2000-11-06,2022-04-24,2001-01-01,2022-01-01
Bellingham / Marietta-Alderwood,US,WA,,KBLI,48.7927,-122.5375,52.0,America/Los_Angeles,1948-01-01,2022-12-23,1948-01-02,2022-04-24,1948-01-01,2022-01-01
Belmar / Carmerville,US,NJ,,KBLM,40.1868,-74.1246,47.0,America/New_York,1983-04-21,2022-12-23,1992-04-17,2022-04-24,2020-01-01,2022-01-01
Battle Creek / Avenue A Mobile Home Estates,US,MI,,KBTL,42.3073,-85.2515,290.0,America/Detroit,1942-10-01,2022-12-23,1942-11-02,2022-04-24,1942-01-01,2022-01-01
Bowling Green / Eastland Park,US,KY,,KBWG,36.9645,-86.4197,167.0,America/Chicago,1973-01-01,2022-12-23,1973-01-02,2022-04-24,1999-01-01,2021-01-01
Wahpeton / Boise De Sioux Mobile Estates,US,ND,,KBWP,46.2443,-96.6072,295.0,America/Chicago,2006-01-01,2022-12-23,2006-01-06,2022-04-24,2006-01-01,2022-01-01
Burley / Heyburn,US,ID,,KBYI,42.5426,-113.7715,1266.0,America/Boise,1973-01-01,2022-12-23,1973-01-01,2022-04-24,2001-01-01,2022-01-01
Columbus / Columbus Air Force Base,US,MS,,KCBM,33.6452,-88.4459,66.0,America/Chicago,1942-03-01,2022-12-23,1942-03-02,2022-04-24,1942-01-01,2021-01-01
Cedar City,US,UT,,KCDC,37.701,-113.0988,1714.0,America/Denver,1973-01-01,2022-12-23,1973-01-01,2022-04-24,1981-01-01,2022-01-01
Chadron / J And L Trailer Court,US,NE,,KCDR,42.8376,-103.0954,1005.0,America/Denver,1973-01-01,2022-12-23,1973-01-01,2022-04-24,2005-01-01,2022-01-01
Chicago / Central Station,US,IL,,KCGX,41.8667,-87.6,181.0,America/Chicago,1973-01-01,1999-12-31,1994-06-17,1994-06-29,,
Clarksburg / Maple Lake,US,WV,,KCKB,39.2966,-80.2281,373.0,America/New_York,2006-01-01,2022-12-23,2006-01-01,2022-04-24,2006-01-01,2021-01-01
Carlsbad / Livingston Wheeler,US,NM,,KCNM,32.3375,-104.2633,1004.0,America/Denver,1942-09-10,2022-12-23,1942-09-11,2022-04-24,1942-01-01,2021-01-01
Chanute,US,KS,,KCNU,37.6688,-95.4851,306.0,America/Chicago,1973-01-01,2022-12-23,1973-01-01,2022-04-24,1999-01-01,2021-01-01
Moab / Crescent Junction,US,UT,,KCNY,38.755,-109.7548,1389.0,America/Denver,2006-01-01,2022-12-23,2006-01-01,2022-04-24,2006-01-01,2021-01-01
North Myrtle Beach / Timber Ridge,US,SC,,KCRE,33.8118,-78.7239,9.0,America/New_York,1973-01-01,2022-12-23,1999-06-17,2022-04-24,2005-01-01,2021-01-01
Columbus / Wayne Terrace,US,GA,,KCSG,32.5163,-84.9389,121.0,America/New_York,1948-01-01,2022-12-23,1948-01-02,2022-04-23,1948-01-01,2021-01-01
Custer,US,SD,,KCUT,43.7333,-103.6177,1708.0,America/Denver,2005-01-01,2022-12-23,2005-01-01,2022-04-24,2005-01-01,2022-01-01
Clovis / Cannon Air Force Base,US,NM,,KCVS,34.3829,-103.3222,1309.0,America/Denver,1943-01-25,2022-12-23,1943-01-26,2022-04-24,1943-01-01,2021-01-01
Rochester / Pickering,US,NH,,KDAW,43.2841,-70.9293,98.0,America/New_York,2006-01-01,2022-12-23,2006-01-01,2022-04-24,2006-01-01,2022-01-01
Detroit / Hamtramck,US,MI,,KDET,42.4092,-83.0099,191.0,America/Detroit,1973-01-01,2022-12-23,1973-01-01,2022-04-24,1981-01-01,2022-01-01
Knoxville / Island Home,US,TN,,KDKX,35.9638,-83.8737,254.0,America/New_York,1979-05-07,2022-12-23,2016-04-16,2022-04-18,2017-01-01,2022-01-01
The Dalles / Dallesport,US,OR,,KDLS,45.6186,-121.1673,75.0,America/Los_Angeles,1973-01-01,2022-12-23,1973-01-01,2022-04-24,2001-01-01,2022-01-01
Baltimore,US,MD,,KDMH,39.2833,-76.6167,6.0,America/New_York,1999-01-14,2022-12-23,1999-07-02,2020-06-03,1999-01-01,2020-01-01
Du Bois / Allens Mills,US,PA,,KDUJ,41.1783,-78.8987,554.0,America/New_York,1973-01-01,2022-12-23,1973-01-01,2022-04-24,2005-01-01,2022-01-01
Davenport / Slayton,US,IA,,KDVP,43.9868,-95.7826,495.0,America/Chicago,2005-08-11,2022-12-23,2005-08-12,2022-04-24,2006-01-01,2022-01-01
Danbury / Miry Brook,US,CT,,KDXR,41.3715,-73.4822,139.0,America/New_York,2006-01-01,2022-12-23,2006-01-01,2022-04-24,2006-01-01,2021-01-01
Dyersburg / South Dyersburg,US,TN,,KDYR,35.998,-89.4066,103.0,America/Chicago,1943-04-12,2022-12-23,1943-04-13,2022-04-24,1943-01-01,2022-01-01
Eau Claire County / Pinehurst,US,WI,,KEAU,44.8658,-91.4843,278.0,America/Chicago,1973-01-01,2022-12-23,1973-01-01,2022-04-24,1973-01-01,2022-01-01
Keene / Spragueville,US,NH,,KEEN,42.8984,-72.2708,149.0,America/New_York,2006-01-01,2022-12-23,2006-01-01,2022-04-24,2007-01-01,2022-01-01
Eagle County / Gypsum,US,CO,,KEGE,39.6428,-106.9159,1996.0,America/Denver,1973-01-01,2022-12-23,1973-01-01,2022-04-24,1981-01-01,2022-01-01
El Dorado / Cairo,US,AR,,KELD,33.221,-92.8133,84.0,America/Chicago,1973-01-01,2022-12-23,1973-01-01,2022-04-22,1977-01-01,2021-01-01
Emporia / Genes Mobile Home Park,US,KS,,KEMP,38.3306,-96.1899,368.0,America/Chicago,1973-01-01,2022-12-23,1973-01-01,2022-04-24,2005-01-01,2021-01-01
Alexandria / Green Gables,US,LA,,KESF,31.3949,-92.2958,34.0,America/Chicago,1941-07-01,2022-12-23,1941-09-11,2022-04-24,1943-01-01,2021-01-01
Evanston,US,WY,,KEVW,41.2748,-111.0346,2177.0,America/Denver,1973-01-01,2022-12-23,1973-01-01,2022-04-24,2005-01-01,2022-01-01
New Bern / Circle L Mobile Home Park,US,NC,,KEWN,35.073,-77.0429,6.0,America/New_York,1973-01-01,2022-12-23,1973-01-01,2022-04-24,1999-01-01,2022-01-01
Fort Eustis / Hoopes Landing,US,VA,,KFAF,37.1325,-76.6088,3.0,America/New_York,1960-11-01,2022-12-23,1960-11-02,2022-04-24,1960-01-01,2020-01-01
Frederick / Olacin,US,MD,,KFDK,39.4176,-77.3743,93.0,America/New_York,2005-01-01,2022-12-23,2006-01-30,2022-04-24,2020-01-01,2022-01-01
Findlay / West Park,US,OH,,KFDY,41.012,-83.6686,248.0,America/New_York,1973-01-01,2022-12-23,1973-01-01,2022-04-24,2000-01-01,2022-01-01
Fitchburg / West Leominster,US,MA,,KFIT,42.5541,-71.759,106.0,America/New_York,1999-01-14,2022-12-23,1999-01-16,2022-04-24,2005-01-01,2021-01-01
Franklin / Mapledale,US,PA,,KFKL,41.3779,-79.8604,469.0,America/New_York,1973-01-01,2022-12-23,1991-09-20,2022-04-24,2007-01-01,2022-01-01
Flippin,US,AR,,KFLP,36.2909,-92.5903,219.0,America/Chicago,2005-01-01,2022-12-23,2005-01-01,2022-04-24,2005-01-01,2022-01-01
Fort Meade / Ft Meade / Portland Station (Historical),US,MD,,KFME,39.0854,-76.7594,46.0,America/New_York,1959-11-13,2022-12-23,1959-11-14,2022-04-24,1959-01-01,2022-01-01
Fort Myers / Page Park,US,FL,,KFMY,26.5866,-81.8632,5.0,America/New_York,1943-01-01,2022-12-23,1943-01-02,2022-04-24,1943-01-01,2022-01-01
Westhampton Beach / Suffolk Pines,US,NY,,KFOK,40.8437,-72.6318,20.0,America/New_York,1943-07-18,2022-12-23,1943-09-08,2022-04-24,1943-01-01,2021-01-01
Fayetteville / Greenland,US,AR,,KFYV,36.0051,-94.1701,382.0,America/Chicago,1973-01-01,2022-12-23,1973-01-01,2022-04-24,1974-01-01,2021-01-01
Garden City / Mansfield,US,KS,,KGCK,37.9275,-100.7244,881.0,America/Chicago,1943-02-01,2022-12-23,1943-02-02,2022-04-24,1943-01-01,2021-01-01
Georgetown / Rogers Development,US,DE,,KGED,38.6879,-75.3583,16.0,America/New_York,2006-01-01,2022-12-23,2006-01-01,2022-04-24,2006-01-01,2021-01-01
Great Falls / Malmstrom Air Force Base,US,MT,,KGFA,47.5047,-111.1873,1058.0,America/Denver,1942-12-01,2022-12-23,1942-12-02,2022-04-24,1943-01-01,2020-01-01
Glasgow / Oil City,US,KY,,KGLW,37.0318,-85.9537,218.0,America/Chicago,2005-01-01,2022-12-23,2005-01-01,2022-04-24,2011-01-01,2022-01-01
Greenville / Woods (Historical),US,SC,,KGMU,34.8479,-82.35,319.0,America/New_York,1942-09-08,2022-12-23,1942-09-09,2022-04-24,1942-01-01,2021-01-01
Grants-Milan,US,NM,,KGNT,35.1673,-107.9021,1993.0,America/Denver,1948-01-01,2022-12-23,1948-01-02,2022-04-24,1948-01-01,2022-01-01
Groton / Midway,US,CT,,KGON,41.3301,-72.0451,3.0,America/New_York,1943-01-19,2022-12-23,1943-01-20,2022-04-24,1943-01-01,2021-01-01
Gordon / Clark Trailer Court,US,NE,,KGRN,42.806,-102.1753,1086.0,America/Denver,1974-01-01,2022-12-23,2017-04-28,2022-04-24,2020-01-01,2022-01-01
Goldsboro / Sandy Springs,US,NC,,KGSB,35.3394,-77.9606,33.0,America/New_York,1943-06-01,2022-12-23,1943-08-12,2022-04-24,1943-01-01,2021-01-01
Goshen / Bainter Town,US,IN,,KGSH,41.5263,-85.7942,252.0,America/Indiana/Indianapolis,1999-01-14,2022-12-23,1999-01-23,2022-04-24,2005-01-01,2021-01-01
Gallup / Allison,US,NM,,KGUP,35.5111,-108.7893,1973.0,America/Denver,1973-01-01,2022-12-16,1973-01-09,2022-04-24,1981-01-01,2021-01-01
Bunker Hill / Grissom Air Force Base,US,IN,,KGUS,40.6481,-86.1521,248.0,America/Indiana/Indianapolis,2006-01-01,2022-12-23,2008-01-09,2022-04-24,2008-01-01,2021-01-01
Kansas City,US,MO,,KGVW,38.8442,-94.5603,0.0,America/Chicago,1954-03-27,2022-12-23,1954-03-28,2022-04-24,1954-01-01,1977-01-01
Hobart / Babbs,US,OK,,KHBR,34.9913,-99.0514,476.0,America/Chicago,1973-01-01,2022-12-23,1973-01-01,2022-04-23,1999-01-01,2022-01-01
Hettinger,US,ND,,KHEI,46.0149,-102.656,825.0,America/Denver,2006-01-01,2022-12-23,2006-01-01,2022-04-24,2006-01-01,2021-01-01
Hartford / Colonial Mobile Home Park,US,CT,,KHFD,41.7367,-72.6494,6.0,America/New_York,1974-01-01,2022-12-23,1979-06-22,2022-04-24,2005-01-01,2022-01-01
Hagerstown / Fortney Mobile Home Park,US,MD,,KHGR,39.7085,-77.7265,214.0,America/New_York,2006-01-01,2022-12-23,2006-01-01,2022-04-24,2006-01-01,2022-01-01
Hibbing-Chisholm / Wilpen,US,MN,,KHIB,47.3866,-92.839,413.0,America/Chicago,1973-01-01,2022-12-23,1973-01-01,2022-04-24,1973-01-01,2022-01-01
Hill City,US,KS,,KHLC,39.3802,-99.8315,682.0,America/Chicago,1973-01-01,2022-12-23,1996-05-18,2022-04-23,2005-01-01,2021-01-01
Hobbs,US,NM,,KHOB,32.6875,-103.217,1116.0,America/Denver,1942-11-01,2022-12-23,1942-11-02,2022-04-24,1943-01-01,2022-01-01
White Plains / Sarosca Farm Estates,US,NY,,KHPN,41.0669,-73.7076,134.0,America/New_York,1973-01-01,2022-12-23,1973-01-02,2022-04-24,1974-01-01,2021-01-01
Harlingen / Santa Elena Colonia,US,TX,,KHRL,26.2285,-97.6544,11.0,America/Chicago,1942-03-01,2022-12-23,1942-03-02,2022-04-24,1942-01-01,2021-01-01
Bay St Louis / Kiln,US,MS,,KHSA,30.3678,-89.4546,7.0,America/Chicago,1942-05-01,2022-12-23,1942-05-02,1960-09-11,1942-01-01,1945-01-01
Homestead / Homestead Base,US,FL,,KHST,25.4884,-80.3837,2.0,America/New_York,1943-02-01,2022-12-23,1943-02-02,2022-04-24,1943-01-01,2022-01-01
Hutchinson / Obeeville,US,KS,,KHUT,38.0655,-97.8606,470.0,America/Chicago,1945-02-01,2022-12-23,1945-02-02,2022-04-24,1945-01-01,2022-01-01
New Haven / Morris Cove,US,CT,,KHVN,41.2638,-72.8868,4.0,America/New_York,1973-01-01,2022-12-23,2004-01-01,2022-04-24,2005-01-01,2021-01-01
Niagara Falls / Walmore,US,NY,,KIAG,43.1073,-78.9462,180.0,America/New_York,1951-06-12,2022-12-23,1951-06-13,2022-04-24,1951-01-01,2022-01-01
Idaho Falls / Orvin,US,ID,,KIDA,43.5137,-112.0708,1446.0,America/Boise,1973-01-01,2022-12-23,1973-01-01,2022-04-24,1999-01-01,2022-01-01
Willimantic / Mansfield Hollow,US,CT,,KIJD,41.744,-72.1802,75.0,America/New_York,2006-01-01,2022-12-23,2006-01-01,2022-04-24,2006-01-01,2021-01-01
Imperial / Carmans Mobile Park,US,NE,,KIML,40.5103,-101.6201,999.0,America/Denver,1973-04-01,2022-12-23,2004-01-01,2022-04-24,2005-01-01,2022-01-01
Iowa City / Baculis Mobile Home Park,US,IA,,KIOW,41.6398,-91.5481,204.0,America/Chicago,1997-01-23,2022-12-23,1997-02-13,2022-04-24,2005-01-01,2021-01-01
Kirksville / Millard,US,MO,,KIRK,40.0935,-92.5449,294.0,America/Chicago,1973-01-01,2022-12-23,1973-01-01,2022-04-24,2004-01-01,2022-01-01
Chandler / Germann,US,AZ,,KIWA,33.3078,-111.6555,421.0,America/Phoenix,1942-03-01,2022-12-23,1942-03-03,2022-04-24,1942-01-01,2022-01-01
Joplin / Airport Drive,US,MO,,KJLN,37.1518,-94.4983,299.0,America/Chicago,1973-01-01,2022-12-23,1973-01-01,2022-04-24,1999-01-01,2021-01-01
Jamestown,US,ND,,KJMS,46.9297,-98.6782,457.0,America/Chicago,1973-01-01,2022-12-23,1973-01-01,2022-04-24,2000-01-01,2022-01-01
Johnstown / Wissingertown,US,PA,,KJST,40.3161,-78.8339,696.0,America/New_York,1973-01-01,2022-12-23,1991-03-23,2022-04-24,2005-01-01,2021-01-01
Lafayette / Summit,US,IN,,KLAF,40.4123,-86.9369,185.0,America/Indiana/Indianapolis,1973-01-01,2022-12-23,1973-01-01,2022-04-24,1979-01-01,2022-01-01
Laconia / Dockham Shore,US,NH,,KLCI,43.573,-71.4178,166.0,America/New_York,2006-01-01,2022-12-23,2006-01-01,2022-04-24,2006-01-01,2021-01-01
Columbus / Lockbourne,US,OH,,KLCK,39.8138,-82.9278,227.0,America/New_York,1942-08-01,2022-12-23,1942-08-19,2022-04-24,1942-01-01,2021-01-01
Lemmon,US,SD,,KLEM,45.9187,-102.1062,784.0,America/Denver,1977-03-01,2022-12-21,1985-11-19,1996-06-29,,
Lafayette / Walroy,US,LA,,KLFT,30.2052,-91.9876,13.0,America/Chicago,1945-10-01,2022-12-23,1945-10-02,2022-04-24,1945-01-01,2022-01-01
Logan / Greenville,US,UT,,KLGU,41.7913,-111.8516,1359.0,America/Denver,1999-01-01,2022-12-23,1999-01-02,2022-04-24,2005-01-01,2022-01-01
Limon,US,CO,,KLIC,39.2748,-103.6659,1638.0,America/Denver,1973-01-01,2022-12-23,1986-12-03,2022-04-24,1989-01-01,2021-01-01
Challis / Garden City (Historical),US,ID,,KLLJ,44.5236,-114.2179,1546.0,America/Boise,2001-09-01,2022-12-23,2001-09-02,2022-04-24,2005-01-01,2022-01-01
Klamath Falls / Falcon Heights,US,OR,,KLMT,42.1561,-121.7332,1248.0,America/Los_Angeles,1959-09-01,2022-12-23,1959-09-02,2022-04-24,1959-01-01,2022-01-01
Lone Rock,US,WI,,KLNR,43.2119,-90.1798,219.0,America/Chicago,1973-01-01,2022-12-23,2004-01-03,2022-04-24,2005-01-01,2022-01-01
London-Corbin / Sublimity City,US,KY,,KLOZ,37.0869,-84.0774,369.0,America/New_York,1991-03-21,2022-12-23,1996-09-20,2022-04-24,1999-01-01,2022-01-01
Little Rock / Jacksonville / Macon,US,AR,,KLRF,34.9168,-92.1465,95.0,America/Chicago,1956-01-01,2022-12-23,1956-02-22,2022-04-24,1956-01-01,2021-01-01
Phoenix / Glendale / Webb,US,AZ,,KLUF,33.535,-112.3832,331.0,America/Phoenix,1941-12-01,2022-12-23,1941-12-02,2022-04-24,1942-01-01,2021-01-01
Las Vegas / Arriba,US,NM,,KLVS,35.6542,-105.1424,2096.0,America/Denver,1946-08-01,2022-12-23,1946-08-02,2022-04-24,1946-01-01,2021-01-01
Lewistown / Lewlistown [Misspelling] / Lewistown Heights,US,MT,,KLWT,47.0493,-109.4667,1271.0,America/Denver,1942-04-01,2022-12-23,1942-04-02,2022-04-24,1942-01-01,2022-01-01
Saginaw / Falconview Estates Mobile Home Park,US,MI,,KMBS,43.5329,-84.0796,204.0,America/Detroit,1973-01-01,2022-12-23,1973-01-01,2022-04-24,1974-01-01,2022-01-01
McComb / Fernwood,US,MS,,KMCB,31.1784,-90.4719,126.0,America/Chicago,1973-01-01,2022-12-23,1973-01-01,2022-04-24,2001-01-01,2022-01-01
Sacramento / McClellan Park,US,CA,,KMCC,38.6676,-121.4006,23.0,America/Los_Angeles,1939-11-09,2022-12-23,1941-02-09,2022-04-24,1941-01-01,2022-01-01
Mason City / Orchard Park Mobile Home Court,US,IA,,KMCW,43.1578,-93.3313,370.0,America/Chicago,1973-01-01,2022-12-23,1973-01-01,2022-04-24,1975-01-01,2022-01-01
Meacham,US,OR,,KMEH,45.5167,-118.4,1236.0,America/Los_Angeles,1973-01-01,2022-12-06,1973-01-01,2022-04-24,1977-01-01,2021-01-01
Morgantown / Easton,US,WV,,KMGW,39.6429,-79.9163,379.0,America/New_York,1973-01-01,2022-12-23,1973-01-01,2022-04-24,1974-01-01,2021-01-01
Minot / Minot Air Force Base,US,ND,,KMIB,48.4158,-101.358,508.0,America/Chicago,1959-10-01,2022-12-23,1959-10-02,2022-04-24,1959-01-01,2022-01-01
Millville / Farmingdale,US,NJ,,KMIV,39.3678,-75.0722,26.0,America/New_York,1973-01-01,2022-12-23,1973-01-02,2022-04-24,1999-01-01,2021-01-01
Jackson / Oak Grove,US,TN,,KMKL,35.5999,-88.9156,132.0,America/Chicago,1973-01-01,2022-12-23,1973-01-01,2022-04-24,1999-01-01,2021-01-01
McAlester / Frink,US,OK,,KMLC,34.8824,-95.7835,235.0,America/Chicago,1953-07-01,2022-12-23,1953-07-02,2022-04-24,1953-01-01,2022-01-01
Mullan Pass / Borax (Historical),US,ID,,KMLP,47.45,-115.6667,1837.0,America/Denver,1999-01-14,2022-12-23,1999-01-17,2022-04-24,2005-01-01,2022-01-01
Millinocket / Little Italy,US,ME,,KMLT,45.6478,-68.6856,124.0,America/New_York,1943-03-01,2022-12-23,1943-03-02,2022-04-24,1943-01-01,2022-01-01
Monroe / Magenta,US,LA,,KMLU,32.5109,-92.0377,24.0,America/Chicago,1942-10-01,2022-12-23,1942-10-02,2022-04-24,1943-01-01,2022-01-01
Meriden / South Meriden,US,CT,,KMMK,41.5087,-72.8295,31.0,America/New_York,2006-01-01,2022-12-23,2006-01-01,2022-04-24,2006-01-01,2021-01-01
Minot,US,ND,,KMOT,48.2576,-101.278,523.0,America/Chicago,1973-01-01,2022-12-23,1973-01-01,2022-04-24,1973-01-01,2022-01-01
Martinsburg / Grubbs Corner,US,WV,,KMRB,39.4019,-77.9847,172.0,America/New_York,1973-01-01,2022-12-23,1973-01-01,2022-04-24,2001-01-01,2022-01-01
Muscle Shoals / Detroit Park,US,AL,,KMSL,34.7453,-87.6102,168.0,America/Chicago,1973-01-01,2022-12-23,1973-01-01,2022-04-24,1999-01-01,2021-01-01
Baltimore / Stansbury Estates,US,MD,,KMTN,39.3257,-76.4138,7.0,America/New_York,2006-01-01,2022-12-23,2019-11-15,2022-04-20,2020-01-01,2022-01-01
Mountain Home / Mountain Home Air Force Base,US,ID,,KMUO,43.0436,-115.8724,913.0,America/Boise,1932-01-01,2022-12-23,1932-01-02,2022-04-24,1932-01-01,2021-01-01
Milwaukee / Butler,US,WI,,KMWC,43.1104,-88.0344,227.0,America/Chicago,1973-01-01,2022-12-23,2020-01-14,2022-04-24,2020-01-01,2022-01-01
Moses Lake / Moses Lake North,US,WA,,KMWH,47.2086,-119.3191,362.0,America/Los_Angeles,1943-06-10,2022-12-23,1943-06-11,2022-04-24,1943-01-01,2022-01-01
Montgomery / Brickdale Estates,US,AL,,KMXF,32.3792,-86.3625,52.0,America/Chicago,1935-10-01,2022-12-23,1937-01-05,2022-04-24,1937-01-01,2021-01-01
Garrison,US,ND,,KN60,47.65,-101.4333,587.0,America/Chicago,2006-01-01,2022-12-23,2006-01-01,2022-04-23,2006-01-01,2021-01-01
Annapolis / Naval Academy,US,MD,,KNAK,38.9833,-76.4833,12.0,America/New_York,2004-05-25,2022-12-23,2004-05-26,2022-04-24,2006-01-01,2021-01-01
Beaufort / Grays Hill,US,SC,,KNBC,32.4806,-80.7192,11.0,America/New_York,1945-04-01,2022-12-23,1945-04-02,2022-04-24,1945-01-01,2021-01-01
Dallas / Lakeland Heights,US,TX,,KNBE,32.7333,-96.9667,150.0,America/Chicago,1941-08-05,1998-01-02,1941-08-06,1996-10-30,1941-01-01,1996-01-01
New Orleans / Concession,US,LA,,KNBG,29.8272,-90.0266,1.0,America/Chicago,1973-01-01,2022-12-23,1973-01-01,2022-04-24,1981-01-01,2019-01-01
Jacksonville / Montford Point,US,NC,,KNCA,34.7084,-77.4397,8.0,America/New_York,1973-01-01,2022-12-23,1973-01-01,2022-04-24,1981-01-01,2021-01-01
New Orleans / Seabrook,US,LA,,KNEW,30.0424,-90.0282,2.0,America/Chicago,1942-09-01,2022-12-23,1942-09-02,2022-04-24,1942-01-01,2022-01-01
Fallon / Fallon Station,US,NV,,KNFL,39.4178,-118.6986,1199.0,America/Los_Angeles,1973-01-01,2022-12-23,1984-07-20,2022-04-24,1990-01-01,2021-01-01
Meridian / Kemper Springs,US,MS,,KNMM,32.5535,-88.5553,96.0,America/Chicago,1973-01-01,2022-12-23,1973-01-01,2022-04-24,1981-01-01,2021-01-01
Willow Grove / Meetinghouse Village,US,PA,,KNXX,40.1998,-75.1482,109.0,America/New_York,1973-01-01,2011-04-11,1973-01-01,2011-04-10,1981-01-01,2011-01-01
New York City / Yorkville,US,NY,,KNYC,40.7789,-73.9692,3.0,America/New_York,1943-12-01,2022-12-23,1943-12-02,2022-04-24,1944-01-01,2021-01-01
Quantico,US,VA,,KNYG,38.5036,-77.305,3.0,America/New_York,1973-01-01,2022-12-23,1973-01-02,2022-04-24,1984-01-01,2021-01-01
Yuma / Desert Royal Mobile Park,US,AZ,,KNYL,32.6566,-114.606,65.0,America/Phoenix,1988-01-01,2022-12-23,1988-01-01,2022-04-24,1988-01-01,2020-01-01
South Weymouth / Southfield,US,MA,,KNZW,42.15,-70.9333,49.0,America/New_York,1973-01-01,1996-09-28,1973-01-02,1993-05-18,1981-01-01,1993-01-01
Kokomo / Vermont,US,IN,,KOKK,40.5282,-86.059,253.0,America/Indiana/Indianapolis,2006-01-01,2022-12-23,2006-01-01,2022-04-24,2006-01-01,2022-01-01
Olive Branch / Bleak (Historical),US,MS,,KOLV,34.9787,-89.7869,123.0,America/Chicago,1941-10-13,2022-12-23,1941-10-14,2022-04-24,1942-01-01,2022-01-01
Ontario / Cairo,US,OR,,KONO,44.0194,-117.013,668.0,America/Boise,1973-01-01,2022-12-23,1997-06-03,2022-04-24,2005-01-01,2021-01-01
Oak Ridge / Jackson Square,US,TN,,KOQT,36.0231,-84.2331,279.0,America/New_York,1999-01-14,2022-12-23,1999-01-16,2022-04-24,1999-01-01,2020-01-01
Orange / Partridgeville,US,MA,,KORE,42.5701,-72.2886,169.0,America/New_York,1996-08-09,2022-12-23,1996-08-11,2022-04-24,2005-01-01,2022-01-01
Oscoda / Whispering Woods Mobile Home Community,US,MI,,KOSC,44.4515,-83.3942,193.0,America/Detroit,1943-07-01,2022-12-23,1943-07-02,2022-04-25,1943-01-01,2022-01-01
Ottumwa / Keb (Historical),US,IA,,KOTM,41.1066,-92.4479,258.0,America/Chicago,1973-01-01,2022-12-23,1973-01-01,2022-04-24,1975-01-01,2021-01-01
Oxford / Southford,US,CT,,KOXC,41.4786,-73.1352,221.0,America/New_York,2006-01-01,2022-12-23,2006-01-14,2022-04-24,2007-01-01,2022-01-01
Fort Rucker / Ft Rucker / Ozark / Daleville,US,AL,,KOZR,31.2758,-85.7134,92.0,America/Chicago,1954-10-19,2022-12-23,1954-10-23,2022-04-24,1954-01-01,2022-01-01
Ajo / Childs,US,AZ,,KP01,32.4529,-112.8614,444.0,America/Phoenix,1942-01-15,1946-01-20,1942-08-13,1946-01-19,1943-01-01,1945-01-01
Coolidge / Valley Farms,US,AZ,,KP08,32.9359,-111.4265,480.0,America/Phoenix,1944-07-16,2022-12-23,1944-07-17,2022-04-24,1944-01-01,2022-01-01
Yellowstone / Lake,US,WY,,KP60,44.55,-110.4167,2368.0,America/Denver,1979-03-22,2022-12-23,1980-11-10,2022-03-15,2001-01-01,2021-01-01
Pine Bluff / Ladd,US,AR,,KPBF,34.1745,-91.9356,63.0,America/Chicago,1973-01-01,2022-12-23,1973-01-01,2022-04-24,2005-01-01,2021-01-01
Plattsburgh / Lts Mobile Home Park,US,NY,,KPBG,44.6509,-73.4681,71.0,America/New_York,1956-01-15,2022-12-23,1956-01-16,2022-04-24,1956-01-01,2021-01-01
Philip,US,SD,,KPHP,44.0486,-101.5991,673.0,America/Denver,1998-08-10,2022-12-23,1998-08-11,2022-04-24,2005-01-01,2022-01-01
Pierre / Alto,US,SD,,KPIR,44.3827,-100.286,532.0,America/Chicago,1944-03-01,2022-12-23,1973-01-01,2022-04-24,1981-01-01,2020-01-01
Parkersburg / Parkeresburg [Misspelling] / Brierwood,US,WV,,KPKB,39.3451,-81.4392,262.0,America/New_York,1990-02-08,2022-12-23,1990-02-09,2022-04-24,2001-01-01,2022-01-01
Park Rapids,US,MN,,KPKD,46.9007,-95.0731,440.0,America/Chicago,1990-01-11,2022-12-23,1995-07-05,2022-04-24,1998-01-01,2022-01-01
Pellston,US,MI,,KPLN,45.5709,-84.7967,220.0,America/Detroit,1973-01-01,2022-12-23,1973-01-01,2022-04-24,2000-01-01,2021-01-01
Pinedale,US,WY,,KPNA,42.7974,-109.811,2163.0,America/Denver,2006-01-01,2022-12-23,2006-01-04,2022-04-24,2009-01-01,2022-01-01
Ponca City,US,OK,,KPNC,36.7319,-97.0998,307.0,America/Chicago,1946-08-01,2022-12-23,1946-08-02,2022-04-24,1946-01-01,2010-01-01
Philadelphia / Ashton Wooden Bridge,US,PA,,KPNE,40.0819,-75.0106,37.0,America/New_York,1973-01-01,2022-12-23,1973-01-02,2022-04-24,2005-01-01,2021-01-01
Pascagoula / Ferguson's Mobile Home Park,US,MS,,KPQL,30.4628,-88.5292,5.0,America/Chicago,2004-01-01,2022-12-23,2004-01-04,2022-04-24,2004-01-01,2022-01-01
Paso Robles / Estrella,US,CA,,KPRB,35.6729,-120.6271,256.0,America/Los_Angeles,1941-12-01,2022-12-23,1942-02-02,2022-04-24,1942-01-01,2022-01-01
Portsmouth / South Newington,US,NH,,KPSM,43.0779,-70.8233,31.0,America/New_York,2006-01-01,2022-12-23,2006-01-01,2022-04-24,2008-01-01,2021-01-01
Provo / Lakeview,US,UT,,KPVU,40.2192,-111.7234,1371.0,America/Denver,2006-01-01,2022-12-23,2006-01-01,2022-04-22,2019-01-01,2022-01-01
Redmond,US,OR,,KRDM,44.2541,-121.15,939.0,America/Los_Angeles,1942-01-01,2022-12-23,1942-01-02,2022-04-24,1943-01-01,2021-01-01
Janesville,US,WI,,KREE,33.5967,-102.0422,1030.0,America/Chicago,1942-03-09,1997-04-11,1942-03-12,1997-02-27,1942-01-01,1996-01-01
San Antonio / Universal City / Airport City,US,TX,,KRND,29.5289,-98.278,232.0,America/Chicago,1938-04-01,2022-12-23,1938-04-02,2022-04-25,1938-01-01,2021-01-01
Russell / Homer,US,KS,,KRSL,38.8714,-98.8116,568.0,America/Chicago,1943-02-01,2022-12-23,1943-02-02,2022-04-23,1944-01-01,2021-01-01
Rexburg,US,ID,,KRXE,43.8339,-111.8051,1482.0,America/Boise,1999-01-14,2022-12-23,1999-01-18,2022-04-24,2002-01-01,2022-01-01
Santa Fe / Cieneguilla,US,NM,,KSAF,35.6171,-106.0894,1935.0,America/Denver,1946-08-01,2022-12-23,1946-08-02,2022-04-24,1946-01-01,2021-01-01
Sebring / Istokpoga,US,FL,,KSEF,27.4564,-81.3424,19.0,America/New_York,1942-04-01,2022-12-23,1942-04-03,2022-04-25,1942-01-01,2022-01-01
Selma / Selmont-West Selmont,US,AL,,KSEM,32.3439,-86.9878,51.0,America/Chicago,1941-07-01,2022-12-23,1941-11-02,2022-04-24,1942-01-01,2022-01-01
Pawtucket / Stillwater,US,RI,,KSFZ,41.9208,-71.4914,134.0,America/New_York,2006-01-01,2022-12-23,2006-01-01,2022-04-24,2006-01-01,2022-01-01
St George / Saint George,US,UT,,KSGU,37.0906,-113.5931,896.0,America/Denver,2006-01-01,2022-12-23,2006-01-01,2022-04-24,2006-01-01,2022-01-01
Spokane / Fairchild Air Force Base,US,WA,,KSKA,47.6151,-117.6558,750.0,America/Los_Angeles,1940-04-01,2022-12-23,1940-04-02,2022-04-24,1940-01-01,2021-01-01
San Antonio / Lackland Air Force Base,US,TX,,KSKF,29.3842,-98.5812,210.0,America/Chicago,1937-07-07,2022-12-23,1937-08-26,2022-04-24,1937-01-01,2021-01-01
Santa Ana / Paularino,US,CA,,KSNA,33.6757,-117.8682,17.0,America/Los_Angeles,1940-06-17,2022-12-23,1942-10-06,2022-04-24,1943-01-01,2021-01-01
Chester / Cedar Lake,US,CT,,KSNC,41.3839,-72.5059,127.0,America/New_York,2008-08-17,2022-12-23,2008-08-17,2022-04-25,2015-01-01,2022-01-01
Stanley,US,ID,,KSNT,44.2086,-114.9344,1980.0,America/Denver,1999-01-14,2022-12-23,2001-05-24,2022-04-24,2001-01-01,2021-01-01
Spartanburg / South Meadows Farms,US,SC,,KSPA,34.9157,-81.9565,244.0,America/New_York,1973-01-01,2022-12-23,2020-01-14,2022-04-25,2020-01-01,2022-01-01
Brunswick / Mallory Park,US,GA,,KSSI,31.1518,-81.3913,6.0,America/New_York,1973-01-01,2022-12-23,1973-01-01,2022-04-24,2000-01-01,2022-01-01
Saint Paul,US,MN,,KSTP,44.9346,-93.0603,215.0,America/Chicago,1983-11-03,2022-12-23,1991-12-16,2022-04-24,2005-01-01,2022-01-01
St Louis / St. Louis / Stevens,US,MO,,KSUS,38.6621,-90.6521,141.0,America/Chicago,1973-01-01,2022-12-23,1986-11-08,2022-04-24,1987-01-01,2021-01-01
Sexton Summit / Hugo,US,OR,,KSXT,42.6,-123.3667,1170.0,America/Los_Angeles,1973-01-01,2022-12-23,1973-01-04,2022-04-24,1979-01-01,2021-01-01
Knob Noster / Whiteman Air Force Base,US,MO,,KSZL,38.7303,-93.548,265.0,America/Chicago,1942-12-02,2022-12-23,1942-12-02,2022-04-24,1943-01-01,2021-01-01
Tuscaloosa / Carter Subdivision,US,AL,,KTCL,33.2206,-87.6114,52.0,America/Chicago,1973-01-01,2022-12-23,1973-01-02,2022-04-24,1999-01-01,2021-01-01
Teterboro,US,NJ,,KTEB,40.8501,-74.0608,3.0,America/New_York,1973-01-01,2022-12-23,1973-01-01,2022-04-24,2005-01-01,2022-01-01
Trenton / Altura,US,NJ,,KTTN,40.2767,-74.8135,65.0,America/New_York,1973-01-01,2022-12-23,1975-07-10,2022-04-24,2005-01-01,2021-01-01
Sturgis,US,KY,,KTWT,37.5418,-87.9544,113.0,America/Chicago,1944-03-06,2022-12-23,1944-03-25,2022-04-24,1944-01-01,2022-01-01
Texarkana / Rondo,US,AR,,KTXK,33.4537,-93.991,119.0,America/Chicago,1946-07-29,2022-12-23,1946-07-30,2022-04-24,1946-01-01,2022-01-01
Newport / Middletown,US,RI,,KUUU,41.5324,-71.2815,52.0,America/New_York,2006-01-01,2022-12-23,2006-01-01,2022-04-24,2006-01-01,2021-01-01
Vandalia / Shafter,US,IL,,KVLA,38.9915,-89.1662,164.0,America/Chicago,1973-01-01,1973-05-15,1973-01-02,1973-05-14,,
Valdosta / Macville (Historical),US,GA,,KVLD,30.7814,-83.2762,62.0,America/New_York,1948-01-01,2022-12-23,1948-01-02,2022-04-24,1948-01-01,2021-01-01
Volk / Camp Douglas,US,WI,,KVOK,43.9392,-90.2532,278.0,America/Chicago,1961-10-01,2022-12-23,1962-10-25,2022-04-22,1966-01-01,2021-01-01
Warner Robins,US,GA,,KWRB,32.6401,-83.5918,90.0,America/New_York,1942-08-07,2022-12-23,1942-08-08,2022-04-24,1942-01-01,2021-01-01
Wrightstown / Pointville,US,NJ,,KWRI,40.0156,-74.5917,40.0,America/New_York,1942-08-01,2022-12-23,1942-08-12,2022-04-24,1942-01-01,2021-01-01
Worland / Airport Road,US,WY,,KWRL,43.9657,-107.9508,1296.0,America/Denver,2000-01-01,2022-12-23,2000-12-03,2022-04-24,2001-01-01,2021-01-01
Waterville / Oakland,US,ME,,KWVL,44.5333,-69.6755,102.0,America/New_York,2006-01-01,2022-12-23,2006-01-01,2022-04-24,2006-01-01,2022-01-01
Yankton / Yangton [Misspelling],US,SD,,KYKN,42.9167,-97.3859,398.0,America/Chicago,2006-01-01,2022-12-23,2006-01-01,2022-04-24,2009-01-01,2022-01-01
Zanesville / Georgetown,US,OH,,KZZV,39.9444,-81.8921,274.0,America/New_York,1973-01-01,2022-12-23,1973-01-01,2022-04-24,2001-01-01,2021-01-01
Hana / Ka‘elek?,US,HI,,PHHN,20.7956,-156.0144,24.0,Pacific/Honolulu,1998-03-08,2022-10-01,2000-09-29,2000-12-05,,
